scn_name,Project,Project_id,Startpoint,bus_id_1,Point_1,Endpoint,bus_id_2,Point_2,Distance (km),Voltage,s_nom,cables,NOVA-Type,Distance
50HzT-003,EnLAG,3,Neuenhagen,31048.0,"11.813232962395318, 48.22126648309761",Vierraden,30878.0,"11.37040879051204, 48.29148987363752",,380.0,,3.0,"Errichtung einer Leitung: Neubau in neuer Trasse,
Errichtung einer Lei-
tung: Ersatzneubau",33.796228361033336
50HzT-003,EnLAG,3,Vierraden,30878.0,"11.37040879051204, 48.29148987363752",Bertikow,31612.0,"13.957017873623581, 53.25217590677972",,380.0,,3.0,"Errichtung einer Leitung: Neubau in neuer Trasse,
Errichtung einer Lei-
tung: Ersatzneubau",581.1265557781534
50HzT-003,,,2. Einschleifung Vierraden,34267.0,"14.268068804447122, 53.09805938715533",,31507.0,"9.113284847390235, 52.54385184852183",,380.0,,3.0,Errichtung einer Leitung: Neubau in neuer Trasse,352.8566084375585
50HzT-007,EnLAG,11,Neuenhagen  ,31097.0,"6.6807962637334715, 51.646328801088394",Wustemark,31373.0,"12.94304061364577, 52.56256564446307",,380.0,,3.0,"Errichtung einer Leitung: Neubau in neuer Trasse,
Errichtung einer Lei-
tung: Ersatzneubau",440.8662268359307
50HzT-035,,, Leutenberg,31093.0,"6.577290606676847, 51.55639121788975",Leutenberg,31071.0,"6.167365723785745, 50.802064506580734",,380.0,,,Errichtung einer Leitung: Neubau in neuer Trasse,88.68025962904306
50HzT-P33,BBPIG,10,Wolmirstedt,31186.0,"11.507780016006695, 48.76113865788101",Helmstedt,31186.0,"11.507780016006695, 48.76113865788101",,380.0,2366.6MVA,3.0,Änderung oder Erweiterung einer Leitung: Zu- oder Umbeseilung,0.0
50HzT-P34,BBPIG,39,Perleberg,31093.0,"6.577290606676847, 51.55639121788975",Stendal/West,31402.0,"10.060407125717598, 54.348768106729196",,380.0,,,Errichtung einer Lei- tung: Ersatzneubau,388.9617568101128
50HzT-P34,BBPIG,39,Stendal/West,31402.0,"10.060407125717598, 54.348768106729196", Wolmirstedt,31186.0,"11.507780016006695, 48.76113865788101",,380.0,,,Errichtung einer Lei- tung: Ersatzneubau,629.6882226878745
50HzT-P34,BBPIG,39,Parchim / Süd,30873.0,"9.908850396108344, 53.488048569222116",Perleberg,31093.0,"6.577290606676847, 51.55639121788975",,380.0,,,Errichtung einer Lei- tung: Ersatzneubau,311.93058551827085
50HzT-P34,BBPIG,39,Güstrow,31759.0,"12.18580202996256, 53.81602837061954",Parchim / Süd,30873.0,"9.908850396108344, 53.488048569222116",,380.0,,,Errichtung einer Lei- tung: Ersatzneubau,154.9098558250559
50HzT-P36,BBPIG,11,Bertikow   ,31612.0,"13.957017873623581, 53.25217590677972",Pasewalk,30901.0,"6.842650702727905, 50.863538522235274",,380.0,,,Errichtung einer Lei- tung: Ersatzneubau,555.3006625411581
50HzT-P38,BBPIG,13,Pulgar,31126.0,"8.480095303151476, 50.59092047197062",Geußnitz (Abschnitt Ost),,POINT (12.337422954113398 51.19696836334348),,380.0,,,Änderung oder Erweiterung einer Leitung: Zu- oder Umbeseilung,
50HzT-P38,BBPIG,13,Geußnitz,31168.0,"11.193698240199689, 50.16222420264838",Bad Sulza (Abschnitt Mitte),,,,380.0,,,Errichtung einer Lei- tung: Ersatzneubau,
50HzT-P38,BBPIG,13,Bad Sulza,32989.0,"6.21102034998242, 49.95862577949023",Vieselbach (Abschnitt West),33754.0,"11.12324628496046, 50.99837545149305",,380.0,,,Errichtung einer Lei- tung: Ersatzneubau,367.2752330288032
50HzT-P39,BBPIG,14,Röhrsdorf,30952.0,"12.815082479900909, 50.85868947882309",Weida (Abschnitt Ost),,POINT (12.815082479900909 50.85868947882309),,380.0,,,Errichtung einer Lei- tung: Ersatzneubau,
50HzT-P39,BBPIG,14,Weida,30930.0,"13.5061273352059, 52.473825606560844",Remptendorf (Abschnitt West),33608.0,"11.646368322793366, 50.53487799518581",,380.0,,,Errichtung einer Lei- tung: Ersatzneubau,251.39829005738622
50HzT- P180,,,Marzahn,30931.0,"13.524113150563279, 52.53579367759632",Teufelsbruch,31631.0,"13.211527686000428, 52.58062783766221",,380.0,,6.0,Errichtung einer Lei- tung: Ersatzneubau,21.778826281730506
50HzT- P180,,,Friedrichshain,31097.0,"6.6807962637334715, 51.646328801088394",Mitte,31138.0,"10.867567075348711, 48.53945547505515",,380.0,,6.0,Errichtung einer Lei- tung: Ersatzneubau,457.2118055767525
50HzT- P180,,,Mitte,31138.0,"10.867567075348711, 48.53945547505515",Charlottenburg,31128.0,"8.284861812513803, 50.75907351550728",,380.0,,6.0,Errichtung einer Lei- tung: Ersatzneubau,309.36440254686045
50HzT- P180,,,Charlottenburg,31128.0,"8.284861812513803, 50.75907351550728",Reuter,34098.0,"7.195979372179286, 51.411575331958",,380.0,,6.0,Errichtung einer Lei- tung: Ersatzneubau,105.30979419306269
50HzT- P213,EnLAG,12,DE,,,PL,,,,380.0,,6.0,Errichtung einer Leitung: Neubau in neuer Trasse,
50HzT- P213,EnLAG,12,Eisenhüttenstadt,32509.0,"14.603938187245118, 52.174864548479",Eisenhüttenstadt,32509.0,"14.603938187245118, 52.174864548479",,380.0,,,Errichtung einer Leitung: Neubau in neuer Trasse,0.0
50HzT- P221,BBP,69,DC-Kabel Hansa PowerBridge (HPB),,,,31507.0,"9.113284847390235, 52.54385184852183",,380.0,700MW,,Errichtung einer Leitung: Neubau in neuer Trasse,376.21378587485276
50HzT- P413,,,Klostermansfeld,31244.0,"9.775990807719905, 53.690669404243195",Klostermansfeld,31244.0,"9.775990807719905, 53.690669404243195",,,,,Errichtung einer Lei- tung: Parallelneubau,0.0
50HzT- P450,BBP,61,Ragow,35247.0,"13.495562984152079, 52.58992665896176",Streumen,30912.0,"7.095822741107271, 50.82688896095869",,,,,horizontal,483.68943903914334
AMP-001,EnLAG,2,Wehrendorf,34098.0,"7.195979372179286, 51.411575331958",Punkt Lemförde,31026.0,"8.052813201940419, 53.33191378148668",,380.0,2629.6MVA,12.0,Errichtung einer Lei- tung: Ersatzneubau,221.50534121083703
AMP-001,EnLAG,2,Punkt Lemförde,31026.0,"8.052813201940419, 53.33191378148668", St. Hülfe,30941.0,"7.123239074232188, 51.52561159658865",,380.0,2629.6MVA,,Errichtung einer Lei- tung: Ersatzneubau,210.7029892559678
AMP-009,EnLAG,5,Niederrhein,31097.0,"6.6807962637334715, 51.646328801088394",Wettringen,30893.0,"6.934911668116749, 51.03353192133852",,380.0,,3.0,Errichtung einer Lei- tung: Ersatzneubau,70.4385513670703
AMP-009,EnLAG,5,Niederrhein,31097.0,"6.6807962637334715, 51.646328801088394",Wettringen (Kabel),31110.0,"6.65673525925894, 51.379523660262194",,380.0,,3.0,Errichtung einer Lei- tung: Ersatzneubau,29.731185040427544
AMP-009,EnLAG,5,Wettringen,30893.0,"6.934911668116749, 51.03353192133852",Meppen,31104.0,"6.683107022192082, 51.57564552523084",,380.0,,3.0,Errichtung einer Leitung: Neubau in neuer Trasse,62.816600966788926
AMP-010,EnLAG,"16,18",Gaste,31337.0,"8.629069864345727, 51.993609389178275",Lüstringen,30893.0,"6.934911668116749, 51.03353192133852",,380.0,,3.0,Änderung oder Erweiterung einer Leitung: Zu- oder Umbeseilung,158.86776387703793
AMP-010,EnLAG,"16,18",Lüstringen,30893.0,"6.934911668116749, 51.03353192133852",Wehrendorf,34098.0,"7.195979372179286, 51.411575331958",,380.0,,3.0,Errichtung einer Lei- tung: Ersatzneubau,45.842518835945874
AMP-010,EnLAG,"16,18",Lüstringen,30893.0,"6.934911668116749, 51.03353192133852",Hesseln,31033.0,"9.917180765726243, 52.27818419770801",,380.0,,3.0,Errichtung einer Lei- tung: Ersatzneubau,248.50626365783347
AMP-010,EnLAG,"16,18",Hesseln,31033.0,"9.917180765726243, 52.27818419770801",Gütersloh,31085.0,"9.390175306207366, 52.02668689009703",,380.0,,3.0,Errichtung einer Lei- tung: Ersatzneubau,45.65287905803668
AMP-014,EnLAG,"14,15",Punkt Fellerhöfe,,,Punkt St. Tönis,,,,380.0,,3.0,Errichtung einer Lei- tung: Ersatzneubau,
AMP-014,EnLAG,"14,15",Punkt St. Tönis,,,Punkt Hüls-West,,,,380.0,,3.0,Errichtung einer Lei- tung: Ersatzneubau,
AMP-014,EnLAG,"14,15",Utfort ,30981.0,"6.617199413011056, 51.47583728028681",Punkt Hüls-West,,,,380.0,,3.0,Errichtung einer Lei- tung: Ersatzneubau,
AMP-014,EnLAG,"14,15",Osterath,30878.0,"11.37040879051204, 48.29148987363752",Gohrpunkt,31085.0,"9.390175306207366, 52.02668689009703",,380.0,,3.0,Errichtung einer Lei- tung: Ersatzneubau,438.8658212685182
AMP-014,EnLAG,"14,15",Gohrpunkt,31085.0,"9.390175306207366, 52.02668689009703",Rommerskirchen,31156.0,"10.843117833298242, 49.37869267500462",,380.0,,3.0,Errichtung einer Lei- tung: Ersatzneubau,311.9236018644961
AMP-014,EnLAG,"14,15",Utfort ,30981.0,"6.617199413011056, 51.47583728028681",Osterath,30878.0,"11.37040879051204, 48.29148987363752",,380.0,,3.0,Errichtung einer Lei- tung: Ersatzneubau,491.87949475380515
AMP-014,EnLAG,"14,15",Punkt Birkenhof,31830.0,"8.641627910762603, 48.89007089696151",Gellep,31104.0,"6.683107022192082, 51.57564552523084",,380.0,,3.0,Errichtung einer Lei- tung: Ersatzneubau,329.7631289525044
AMP-018,15,15,Rommerskirchen,31156.0,"10.843117833298242, 49.37869267500462",Sechtem,30904.0,"6.972459875900362, 50.79563726078529",,380.0,,3.0,Errichtung einer Lei- tung: Ersatzneubau,318.6464904396506
AMP-022,EnLAG,19,Kruckel,30928.0,"7.417051340500602, 51.457221874784416",Ochsenkopf,31205.0,"6.926758989258765, 51.49920569585058",,380.0,,3.0,Errichtung einer Lei- tung: Ersatzneubau,34.38109572409712
AMP-022,EnLAG,19,Ochsenkopf ,,,Dauersberg,31040.0,"8.809948917696808, 50.203566664751136",,380.0,,3.0,Errichtung einer Lei- tung: Ersatzneubau,170.52218431885265
AMP-028,,,Wanne,30865.0,"8.735135796743075, 50.159191553758134",Günnigfeld,31142.0,"7.505971563875505, 51.40160535798426",,380.0,,3.0,Änderung oder Erweiterung einer Leitung: Zu- oder Umbeseilung,163.14374168071646
AMP-028,,,Emscherbruch,31274.0,"11.004916950000002, 50.50741499934261",Emscherbruch,31274.0,"11.004916950000002, 50.50741499934261",,380.0,,3.0,für Dritte,0.0
AMP-032,EnLAG,14,Niederrhein,31097.0,"6.6807962637334715, 51.646328801088394",Utfort,30981.0,"6.617199413011056, 51.47583728028681",,380.0,,3.0,Errichtung einer Lei- tung: Ersatzneubau,19.474670061001092
AMP-P21,BBPIG,6,Regelzonengrenze TTG/AMP,,,Merzen,31104.0,"6.683107022192082, 51.57564552523084",,380.0,,,Errichtung einer Leitung: Neubau in neuer Trasse,7.865846624479677
AMP-P41,BBPIG,15,Metternich,31156.0,"10.843117833298242, 49.37869267500462",Niederstedem,31097.0,"6.6807962637334715, 51.646328801088394",,380.0,,,Errichtung einer Lei- tung: Ersatzneubau,388.2134166877518
AMP-P47,BBPIG,19,Urberach ,30878.0,"11.37040879051204, 48.29148987363752","Pfungstadt
",31186.0,"11.507780016006695, 48.76113865788101",,380.0,,,"Errichtung einer Leitung: Neubau in neuer Trasse, Errichtung einer
Leitung: Ersatzneu- bau, Änderung oder Erweiterung einer Leitung: Zu- oder Umbeseilung",53.20172907438745
AMP-P47,BBPIG,19,"Pfungstadt
",31186.0,"11.507780016006695, 48.76113865788101",Weinheim,30904.0,"6.972459875900362, 50.79563726078529",,380.0,,,"Errichtung einer Leitung: Neubau in neuer Trasse, Errichtung einer
Leitung: Ersatzneu- bau, Änderung oder Erweiterung einer Leitung: Zu- oder Umbeseilung",397.2638787064417
AMP-P47a,BBPIG,76,Punkt Kriftel,31658.0,"9.201683603864101, 53.89581463892435",Punkt Marxheim,31772.0,"8.248729079824315, 48.84631655943378",,380.0,,,"Errichtung einer Leitung: Ersatzneu- bau, Änderung oder Erweiterung einer Leitung: Zu- oder Umbeseilung",565.6743679308872
AMP-P47a,BBPIG,76,Punkt Hattersheim,34514.0,"7.815993836091335, 49.92211102584192", Farbwerke Höchst-Süd,,,,380.0,,,Leitungsneubau in bestehender 110kV-Trasse,
AMP-P52,BBPIG,24,Rommelsbach,31195.0,"6.702194950358541, 51.00886012106785",Herbertingen,31110.0,"6.65673525925894, 51.379523660262194",,380.0,,,Errichtung einer Lei- tung: Ersatzneubau,41.35931882457567
AMP-P52,BBPIG,25,Wullenstetten,31318.0,"11.6401668419024, 52.26899390911886",Niederwangen,31097.0,"6.6807962637334715, 51.646328801088394",,380.0,,,Änderung oder Erweiterung einer Leitung: Zu- oder Umbeseilung,347.8150300247226
AMP-P154,,,Siegburg,30889.0,"9.984058791561045, 53.74147911149971",Siegburg,30889.0,"9.984058791561045, 53.74147911149971",,380.0,,3.0,Errichtung einer Leitung: Neubau in neuer Trasse,0.0
AMP-P310,,,Bürstadt,31186.0,"11.507780016006695, 48.76113865788101",Kühmoos,32960.0,"7.958075914315599, 47.59547794527875",,380.0,,,"Errichtung einer Leitung: Ersatzneu- bau, Änderung oder Erweiterung einer Leitung: Zu- oder Umbeseilung",294.0467572152913
AMP-P310,,,Draxlanden,30895.0,"6.965538620656629, 51.0699302797616",Kühmoos,32960.0,"7.958075914315599, 47.59547794527875",,380.0,,3.0,"Errichtung einer Leitung: Ersatzneu- bau, Änderung oder Erweiterung einer Leitung: Zu- oder Umbeseilung",393.0811437360765
AMP-P460,,,Büscherhof ,31146.0,"8.389618629206476, 49.982479345417744",Büscherhof ,31146.0,"8.389618629206476, 49.982479345417744",,380.0,,,"Änderung oder Erweiterung einer Leitung: Zu- oder
Umbeseilung",0.0
TTG-006,EnLAG,6,Wahle,30930.0,"13.5061273352059, 52.473825606560844",Mecklar,31126.0,"8.480095303151476, 50.59092047197062",,380.0,,6.0,Errichtung einer Leitung: Neubau in neuer Trasse,406.706731236141
TTG-007,EnLAG,5,Dörpen / West,33739.0,"7.256250263683292, 52.98145861782307",Niederrhein (Punkt Meppen),31097.0,"6.6807962637334715, 51.646328801088394",,380.0,2366.6MVA,6.0,Errichtung einer Leitung: Neubau in neuer Trasse,153.65875999220708
TTG-009,EnLAG,2,Ganderkesee,31011.0,"9.522576021806701, 52.36040907486085",St. Hülfe,30941.0,"7.123239074232188, 51.52561159658865",,380.0,2629.6MVA,6.0,Errichtung einer Leitung: Neubau in neuer Trasse,189.3258107615476
TTG-P21,,,Conneforde,31026.0,"8.052813201940419, 53.33191378148668",Garrel/ Ost,30998.0,"10.15820424005784, 53.555410330604104",,380.0,2629.6MVA,6.0,Errichtung einer Lei- tung: Ersatzneubau,142.08545014385174
TTG-P21,,,Garrel/ Ost,30998.0,"10.15820424005784, 53.555410330604104",Cappeln/West,31011.0,"9.522576021806701, 52.36040907486085",,380.0,2629.6MVA,6.0,Errichtung einer Lei- tung: Ersatzneubau,139.6766312491733
TTG-P21,,,Cappeln/West,31011.0,"9.522576021806701, 52.36040907486085",Regel- zonengrenze TTG/AMP,,,,380.0,,6.0,Errichtung einer Leitung: Neubau in neuer Trasse,
TTG-P24,BBP,7,Stade/West,31011.0,"9.522576021806701, 52.36040907486085",Dollern,31104.0,"6.683107022192082, 51.57564552523084",,380.0,2629.6MVA,6.0,Errichtung einer Lei- tung: Ersatzneubau,213.7728507591178
TTG-P24,BBP,7,Dollern,31104.0,"6.683107022192082, 51.57564552523084",Sottrum,31216.0,"6.872873666479574, 51.4457833803702",,380.0,2629.6MVA,6.0,Errichtung einer Lei- tung: Ersatzneubau,19.552879234313398
TTG-P24,BBP,7,Sottrum,31216.0,"6.872873666479574, 51.4457833803702",Mehringen (Grafschaft Hoya),,POINT (9.253243575298317 53.11482167195141),,380.0,2629.6MVA,6.0,Errichtung einer Lei- tung: Ersatzneubau,
TTG-P24,BBP,7,Mehringen (Grafschaft Hoya),,,Landesbergen,31114.0,"8.563991876746766, 53.03191782682749",,380.0,2629.6MVA,6.0,Errichtung einer Lei- tung: Ersatzneubau,210.9251718728386
TTG-P25,BBP,8,Heide/West,31011.0,"9.522576021806701, 52.36040907486085",Husum/Nord,30865.0,"8.735135796743075, 50.159191553758134",,380.0,2629.6MVA,6.0,Errichtung einer Leitung: Neubau in neuer Trasse,250.9812948205069
TTG-P25,BBP,8,Husum/Nord,30865.0,"8.735135796743075, 50.159191553758134",Klixbüll/Süd,31369.0,"10.156282508555906, 54.27554827511158",,380.0,2366.6MVA,6.0,Errichtung einer Leitung: Neubau in neuer Trasse,468.1912902235101
TTG-P25,BBP,8,Klixbüll/Süd,31369.0,"10.156282508555906, 54.27554827511158",Bundesgrenze DK,31160.0,"10.16030331266777, 49.98915674945729",,380.0,2366.6MVA,6.0,Errichtung einer Leitung: Neubau in neuer Trasse,476.94575771875867
TTG-P33,BBP,10,Wahle,30930.0,"13.5061273352059, 52.473825606560844",Landesgrenze NI/ST (Mast 6),,POINT (10.365338662586142 52.28466156477866),,380.0,2629.6MVA,6.0,Änderung oder Erweiterung einer Leitung: Zu- oder Umbeseilung,
TTG-P33,BBP,10,Hattorf ,31060.0,"10.761248371477675, 52.36745365064589",Helmstedt,31186.0,"11.507780016006695, 48.76113865788101",,380.0,2629.6MVA,6.0,Änderung oder Erweiterung einer Leitung: Zu- oder Umbeseilung,404.6317419131302
TTG-P46,BBP,18,Redwitz,30966.0,"6.828052633409847, 51.16264600166581", Schwandorf (Ostbayernring),31511.0,"12.082254499689908, 49.29744774665628",,380.0,2629.6MVA,6.0,Errichtung einer Lei- tung: Ersatzneubau,428.3373738391066
TTG-P46,BBP,18,Mechlenreuth,31545.0,"9.746026530326525, 50.9174270688464",Etzenricht,31081.0,"6.906604094757413, 51.56523580346812",,380.0,2629.6MVA,6.0,Errichtung einer Lei- tung: Ersatzneubau,210.95942987559923
TTG-P46,BBP,18,Etzenricht,31081.0,"6.906604094757413, 51.56523580346812", Schwandorf (Ostbayernring),31511.0,"12.082254499689908, 49.29744774665628",,380.0,2629.6MVA,6.0,Errichtung einer Lei- tung: Ersatzneubau,445.78058101938547
TTG-P48,BBP,20,Grafenrheinfeld,31071.0,"6.167365723785745, 50.802064506580734",Punkt Rittershausen,31477.0,"7.2640789454432175, 51.57357484172735",,380.0,,3.0,Änderung oder Erweiterung einer Leitung: Zu- oder Umbeseilung,115.08972935459076
TTG-P67,BBP,32,Simbach,30972.0,"8.772275034667414, 49.974574340406285",Matzenhof,30931.0,"13.524113150563279, 52.53579367759632",,380.0,2629.6MVA,6.0,Errichtung einer Lei- tung: Ersatzneubau,437.14836118898324
TTG-P67,BBP,32,Matzenhof,30931.0,"13.524113150563279, 52.53579367759632",Bundesgrenze AT,31160.0,"10.16030331266777, 49.98915674945729",,380.0,2629.6MVA,6.0,Errichtung einer Lei- tung: Ersatzneubau,367.8853406091485
TTG-P67,BBP,32,Altheim,30930.0,"13.5061273352059, 52.473825606560844",Adlkofen,31191.0,"6.329986504542498, 51.24293339894754",,380.0,2629.6MVA,6.0,Errichtung einer Lei- tung: Ersatzneubau,512.7688786349931
TTG-P69,BBP,34,Emden / Ost,31089.0,"7.44506934967185, 51.61850011435058",Conneforde,31026.0,"8.052813201940419, 53.33191378148668",,380.0,2366.6MVA,6.0,Errichtung einer Lei- tung: Ersatzneubau,195.08117633129632
TTG-P72,BBP,42,Kreis Segeberg,30906.0,"7.1924101684630415, 50.798900164895514",Lübeck / West,33618.0,"10.640952461335745, 53.919444277182414",,380.0,,6.0,Errichtung einer Lei- tung: Ersatzneubau,419.13706803385503
TTG-P118,BBP,43,Borken,30887.0,"6.85169033318656, 50.98414694486755",Mecklar,31126.0,"8.480095303151476, 50.59092047197062",,380.0,2629.6MVA,6.0,Änderung oder Erweiterung einer Leitung: Zu- oder Umbeseilung,122.87803505760999
TTG-P151,BBP,45,Borken,30887.0,"6.85169033318656, 50.98414694486755",Twistetal,31274.0,"11.004916950000002, 50.50741499934261",,380.0,2629.6MVA,6.0,Änderung oder Erweiterung einer Leitung: Zu- oder Umbeseilung,297.85336425875545
TTG-P185,BBP,46,Redwitz,30966.0,"6.828052633409847, 51.16264600166581",Landes- grenze BY / TH (Punkt Tschirn),,POINT (11.193698240199689 50.16222420264838),,380.0,2366.6MVA,6.0,Änderung oder Erweiterung einer Leitung: Zu- oder Umbeseilung,
TNG-P47,BBP,19,Weinheim,30904.0,"6.972459875900362, 50.79563726078529",Daxlanden,30895.0,"6.965538620656629, 51.0699302797616",,,,,Errichtung einer Lei- tung: Ersatzneubau,30.518151346816776
TNG-P47,BBP,19,Weinheim,30904.0,"6.972459875900362, 50.79563726078529",Mannheim (G380),34210.0,"8.501808581399017, 49.44491154650559",,,,,Errichtung einer Lei- tung: Ersatzneubau,185.82868287691994
TNG-P47,BBP,19,Mannheim (G380),34210.0,"8.501808581399017, 49.44491154650559",Altlußheim,31466.0,"8.932880076577138, 52.19344813022315",,,,,Errichtung einer Lei- tung: Ersatzneubau,307.2640515107775
TNG-P47,BBP,19,Altlußheim,31466.0,"8.932880076577138, 52.19344813022315",Daxlanden,30895.0,"6.965538620656629, 51.0699302797616",,,,,Errichtung einer Lei- tung: Ersatzneubau,184.86975791015863
TNG-P48,BBP,20,Punkt Rittershausen,31477.0,"7.2640789454432175, 51.57357484172735",Kupferzell,31244.0,"9.775990807719905, 53.690669404243195",,380.0,,3.0,Änderung oder Erweiterung einer Leitung: Zu- oder Umbeseilung,290.5230180224251
TNG-P48,BBP,20,Kupferzell,31244.0,"9.775990807719905, 53.690669404243195",Großgartach,30972.0,"8.772275034667414, 49.974574340406285",,380.0,,3.0,Errichtung einer Lei- tung: Ersatzneubau,419.20524846460944
TNG-P49,BBP,21,Daxlanden,30895.0,"6.965538620656629, 51.0699302797616",Bühl/ Kuppenheim,31772.0,"8.248729079824315, 48.84631655943378",,380.0,,,Errichtung einer Lei- tung: Ersatzneubau,263.9019224765739
TNG-P49,BBP,21,Bühl/ Kuppenheim,31772.0,"8.248729079824315, 48.84631655943378",Weier,34098.0,"7.195979372179286, 51.411575331958",,380.0,,,Errichtung einer Lei- tung: Ersatzneubau,295.0912702976667
TNG-P49,BBP,21,Weier,34098.0,"7.195979372179286, 51.411575331958",Eichstetten,31286.0,"8.702218487068025, 51.736352600067896",,380.0,,,Errichtung einer Lei- tung: Ersatzneubau,110.49728301022103
TNG-P70,BBP,35,Birkenfeld,31244.0,"9.775990807719905, 53.690669404243195",Mast 115A,,POINT (8.641627910762603 48.89007089696151),,380.0,,,"Errichtung einer Leitung: Neubau in neuer Trasse, Errichtung einer
Leitung: Ersatzneu- bau, Änderung oder Erweiterung einer Leitung: Zu- oder Umbeseilung",
DC1,BBP,1,Emden / Ost,31089.0,"7.44506934967185, 51.61850011435058",Osterath,30878.0,"11.37040879051204, 48.29148987363752",,,2GW,,Errichtung einer Leitung: Neubau in neuer Trasse,464.92767651930683
DC2,BBP,2,Osterath,30878.0,"11.37040879051204, 48.29148987363752",Philippsburg (Ultranet),,POINT (6.625829004351699 51.26061129731316),,380.0,2 GW,,"Errichtung einer Leitung: Ersatzneu- bau, Änderung oder Erweiterung einer Leitung: Zu- oder Umbeseilung",
DC3,BBP,3,Brunsbüttel,31079.0,"10.50549919302552, 52.3018379192041",Großgartach (SuedLink),31261.0,"9.15157490076255, 49.14362211741481",,380.0,2 GW,,Errichtung einer Leitung: Neubau in neuer Trasse,364.08789839945536
DC4,BBP,4,Wilster / West,31011.0,"9.522576021806701, 52.36040907486085",Bergrheinfeld / West (SuedLink),31160.0,"10.16030331266777, 49.98915674945729",,380.0,2 GW,,Errichtung einer Leitung: Neubau in neuer Trasse,267.54589643307867
DC5,BBP,5,Wolmirstedt,31186.0,"11.507780016006695, 48.76113865788101",Isar,32780.0,"12.296883821275578, 48.60690994546696",,380.0,2 GW,,Errichtung einer Leitung: Neubau in neuer Trasse,60.58252701306513
DC1a,BBPIG,1,Emden / Ost,31089.0,"7.44506934967185, 51.61850011435058",Osterath,30878.0,"11.37040879051204, 48.29148987363752",,380.0,"2,4 GW",,Optimierung,464.92767651930683
DC20,BBPIG,5a,Klein Rogahn,31077.0,"10.235863189815383, 52.29345956917022",Landkreis Börde,31407.0,"9.125265746125436, 52.53826407418714",,380.0,2 GW,,Errichtung einer Leitung: Neubau einer Trasse,80.32392470150893
DC20,BBPIG,5a,Landkreis Börde,31407.0,"9.125265746125436, 52.53826407418714",Isar,32780.0,"12.296883821275578, 48.60690994546696",,380.0,2 GW,,Errichtung einer Leitung: Paral- lelneubau,491.5459219410462
DC21,BBPIG,49,Wilhelmshaven 2,33048.0,"8.020290393908658, 50.92361692922066",Region Hamm,34007.0,"8.547160873968359, 49.44053972977923",,380.0,2 GW,,Errichtung einer Leitung: Neubau in neuer Trasse,169.20296121493544
DC25,BBPIG,48,Heide / West,31011.0,"9.522576021806701, 52.36040907486085",Polsum,30934.0,"7.023309809364244, 51.625703743245474",,380.0,2 GW,,Errichtung einer Leitung: Neubau in neuer Trasse,190.12770686960215
DC31,,,Heide / West,31011.0,"9.522576021806701, 52.36040907486085",Klein Rogahn,31077.0,"10.235863189815383, 52.29345956917022",,380.0,2 GW,,Errichtung einer Leitung: Neubau in neuer Trasse,49.19658311200613
DC34,,,Suchraum Rastede,32958.0,"7.842901952780925, 47.58585151929896",Bürstadt,31186.0,"11.507780016006695, 48.76113865788101",,380.0,2 GW,,Errichtung einer Leitung: Neubau in neuer Trasse,302.23978358546776
P20,BBPIG,37,Emden / Ost,31089.0,"7.44506934967185, 51.61850011435058",Halbemond,30887.0,"6.85169033318656, 50.98414694486755",,380.0,2629.6MVA,6.0,Errichtung einer Leitung: Neubau in neuer Trasse,81.81210398532743
P22,BBPIG,55,Elsfleth / West,32620.0,"9.449636586504937, 53.96728651535278",Ganderkesee (über Niedervieland),31114.0,"8.563991876746766, 53.03191782682749",,380.0,2629.6MVA,6.0,Errichtung einer Leitung: Ersatz- neubau,119.54422636894058
P22,BBPIG,54,Conneforde,31026.0,"8.052813201940419, 53.33191378148668",Unterweser,30946.0,"6.804590290688168, 50.9662510998506",,380.0,2629.6MVA,,Änderung oder Erweiterung einer Leitung: Spannungs- umstellung,276.7353785751575
P23,BBPIG,38,Dollern,31104.0,"6.683107022192082, 51.57564552523084",Alfstedt,31186.0,"11.507780016006695, 48.76113865788101",,380.0,2629.6MVA,6.0,Errichtung einer Leitung: Ersatz- neubau,465.46516203299694
P23,BBPIG,38,Alfstedt,31186.0,"11.507780016006695, 48.76113865788101",Farge,30867.0,"11.639339068563299, 48.17869599545106",,380.0,2629.6MVA,6.0,Errichtung einer Leitung: Ersatz- neubau,65.49379322539407
P23,BBPIG,38,Farge,30867.0,"11.639339068563299, 48.17869599545106",Elsfleth / West,32620.0,"9.449636586504937, 53.96728651535278",,380.0,2629.6MVA,6.0,Errichtung einer Leitung: Ersatz- neubau,661.9262523740538
P26,BBPIG,50,Brunsbüttel,31079.0,"10.50549919302552, 52.3018379192041",Büttel,31643.0,"13.368653475247406, 52.503147509807846",,380.0,2629.6MVA,6.0,Errichtung einer Leitung: Ersatz- neubau,196.13739857873654
P26,BBPIG,50,Büttel,31643.0,"13.368653475247406, 52.503147509807846",Wilster/West,31011.0,"9.522576021806701, 52.36040907486085",,380.0,2629.6MVA,6.0,Errichtung einer Leitung: Ersatz- neubau,262.0426587627579
P26,BBPIG,50,Wilster/West,31011.0,"9.522576021806701, 52.36040907486085",Stade / West,31011.0,"9.522576021806701, 52.36040907486085",,380.0,2629.6MVA,6.0,Errichtung einer Leitung: Ersatz- neubau,0.0
P33,BBPIG,10,Wolmirstedt,31186.0,"11.507780016006695, 48.76113865788101",Helmstadt,31186.0,"11.507780016006695, 48.76113865788101",,380.0,2629.6MVA,6.0,Errichtung einer Leitung: Paral- lelneubau,0.0
P33,BBPIG,10,Helmstadt,31186.0,"11.507780016006695, 48.76113865788101",Gleidingen / Hallendorf,32078.0,"7.031690662968545, 51.609442995662526",,380.0,2629.6MVA,6.0,Errichtung einer Leitung: Paral- lelneubau,449.9234572777355
P33,BBPIG,10,Gleidingen / Hallendorf,32078.0,"7.031690662968545, 51.609442995662526",Kreuzung M24b/ TTG-006,,,,380.0,2629.6MVA,6.0,Errichtung einer Leitung: Paral- lelneubau,
P33,BBPIG,10,Kreuzung M24b/ TTG-006,,,Mehrum / Nord,34776.0,"10.087649794874086, 52.315125665613714",,380.0,2629.6MVA,6.0,Errichtung einer Leitung: Paral- lelneubau,224.22740335544782
P37,BBPIG,12,Vieselbach,31631.0,"13.211527686000428, 52.58062783766221",Eisenach,30972.0,"8.772275034667414, 49.974574340406285",,380.0,2629.6MVA,,Errichtung einer Leitung: Ersatz- neubau,424.13482515439154
P37,BBPIG,12,Eisenach,30972.0,"8.772275034667414, 49.974574340406285",Mecklar,31126.0,"8.480095303151476, 50.59092047197062",,380.0,2629.6MVA,,Änderung oder Erweiterung einer Leitung: Zu- oder Umbe- seilung,71.65183594437224
P43,BBPIG,17,Mecklar,31126.0,"8.480095303151476, 50.59092047197062",Dipperz,32231.0,"7.9811782300310785, 51.67354765690226",,380.0,2629.6MVA,6.0,Errichtung einer Leitung: Paral- lelneubau,125.40322797540536
P43,BBPIG,17,Dipperz,32231.0,"7.9811782300310785, 51.67354765690226",Bergrheinfeld / West,31160.0,"10.16030331266777, 49.98915674945729",,380.0,2629.6MVA,6.0,Errichtung einer Leitung: Neubau in neuer Trasse,242.21817937083404
P51,BBPIG,22,Großgartach,30972.0,"8.772275034667414, 49.974574340406285",Endersbach,30878.0,"11.37040879051204, 48.29148987363752",,380.0,,,"Errichtung einer Leitung: Ersatzneubau
Errichtung einer Leitung: Paral- lelneubau",266.40036258109296
P52,BBPIG,40,Neuravensburg,30889.0,"9.984058791561045, 53.74147911149971",Sigmarszell/Bundes- grenze (AT),,,,380.0,,,Errichtung einer Leitung: Ersatz- neubau,
P53,BBPIG,41,Raitersaich/West,31011.0,"9.522576021806701, 52.36040907486085",Ludersheim,31028.0,"8.873006663494662, 50.13085458580503",,380.0,2629.6MVA,6.0,Errichtung einer Leitung: Ersatz- neubau,252.1544322154143
P53,BBPIG,41,Ludersheim,31028.0,"8.873006663494662, 50.13085458580503",Sittling,31104.0,"6.683107022192082, 51.57564552523084",,380.0,2629.6MVA,6.0,Errichtung einer Leitung: Ersatz- neubau,222.72197310416286
P53,BBPIG,41,Sittling,31104.0,"6.683107022192082, 51.57564552523084",Suchraum Stadt Rottenburg/Gemeinde Neufahrn,,POINT (11.79241389202698 48.83822405009197),,380.0,2629.6MVA,6.0,Errichtung einer Leitung: Ersatz- neubau,
P53,BBPIG,41,Suchraum Stadt Rottenburg/Gemeinde Neufahrn,,,Altheim,30930.0,"13.5061273352059, 52.473825606560844",,380.0,2629.6MVA,6.0,Errichtung einer Leitung: Ersatz- neubau,478.68145793662677
P72,BBPIG,42,Lübeck / West,33618.0,"10.640952461335745, 53.919444277182414",Siems,30904.0,"6.972459875900362, 50.79563726078529",,380.0,,6.0,Errichtung einer Leitung: Ersatz- neubau,428.0001665470497
P72,BBPIG,42,Siems,30904.0,"6.972459875900362, 50.79563726078529",Göhl,32088.0,"8.120596018028706, 48.70536875138053",,380.0,,6.0,Errichtung einer Leitung: Neubau in neuer Trasse,246.76510529093198
P74,TYNDP,47,Vöhringen,30867.0,"11.639339068563299, 48.17869599545106",Leupolz,30966.0,"6.828052633409847, 51.16264600166581",,380.0,,,"Errichtung einer Leitung: Ersatzneubau,
Änderung oder Erweiterung einer Leitung:
Zu- oder Umbeseilung",480.18843798009885
P74,TYNDP,47,Leupolz,30966.0,"6.828052633409847, 51.16264600166581",Punkt Bundesgrenze (AT),,POINT (10.362499738474474 47.73865994398536),,380.0,,,"Errichtung einer Leitung: Ersatzneubau,
Änderung oder Erweiterung einer Leitung:
Zu- oder Umbeseilung",
P84,BBPIG,51,Hamburg/Nord,30865.0,"8.735135796743075, 50.159191553758134",Hamburg / Ost,30873.0,"9.908850396108344, 53.488048569222116",,380.0,,,Änderung oder Erweiterung einer Leitung: Zu- oder Umbe- seilung,379.10485162636655
P84,BBPIG,51,Hamburg/Ost,30873.0,"9.908850396108344, 53.488048569222116",Krümmel,31244.0,"9.775990807719905, 53.690669404243195",,380.0,,12.0,Errichtung einer Leitung: Ersatz- neubau,24.2065494377211
P112,BBPIG,32,Pleinting,31035.0,"11.440779465395813, 48.17180539168197",St.Peter,30904.0,"6.972459875900362, 50.79563726078529",,380.0,2629.6MVA,6.0,Errichtung einer Leitung: Ersatz- neubau,435.73628260138724
P112,BBPIG,32,St.Peter,30904.0,"6.972459875900362, 50.79563726078529",Pirach,30962.0,"12.469645157342972, 51.37166411554276",,380.0,2629.6MVA,6.0,Errichtung einer Leitung: Ersatz- neubau,390.3922992211636
P113,BBPIG,58,Krümmel,31244.0,"9.775990807719905, 53.690669404243195",Lüneburg,30889.0,"9.984058791561045, 53.74147911149971",,380.0,2629.6MVA,6.0,Errichtung einer Leitung: Ersatz- neubau,14.855378597059126
P113,BBPIG,58,Lüneburg,30889.0,"9.984058791561045, 53.74147911149971",Stadorf,31104.0,"6.683107022192082, 51.57564552523084",,380.0,2629.6MVA,6.0,Errichtung einer Leitung: Ersatz- neubau,328.5305785873993
P113,BBPIG,58,Stadorf,31104.0,"6.683107022192082, 51.57564552523084",Wahle,30930.0,"13.5061273352059, 52.473825606560844",,380.0,2629.6MVA,6.0,Errichtung einer Leitung: Ersatz- neubau,478.68145793662677
P116,BBPIG,57,Dollern,31104.0,"6.683107022192082, 51.57564552523084",Samtgemeinde Sottrum,35359.0,"9.253243575298317, 53.11482167195141",,380.0,2629.6MVA,6.0,Errichtung einer Leitung: Ersatz- neubau,244.9425988395548
P116,BBPIG,57,Samtgemeinde Sottrum,35359.0,"9.253243575298317, 53.11482167195141",Wechold,30930.0,"13.5061273352059, 52.473825606560844",,380.0,2629.6MVA,6.0,Errichtung einer Leitung: Ersatz- neubau,295.5673608282778
P116,BBPIG,57,Wechold,30930.0,"13.5061273352059, 52.473825606560844",Punkt Landesbergen ,31407.0,"9.125265746125436, 52.53826407418714",,380.0,2629.6MVA,6.0,Errichtung einer Leitung: Ersatz- neubau,297.5052354224207
P116,BBPIG,57,Landesbergen (Steyerberg),31407.0,"9.125265746125436, 52.53826407418714",Ovenstädt,31186.0,"11.507780016006695, 48.76113865788101",,380.0,2629.6MVA,6.0,Errichtung einer Leitung: Ersatz- neubau,452.6366911414476
P119,BBPIG,56,Conneforde,31026.0,"8.052813201940419, 53.33191378148668",Suchraum Rastede,32958.0,"7.842901952780925, 47.58585151929896",,380.0,2629.6MVA,6.0,Errichtung einer Leitung: Ersatz- neubau,639.3518931235677
P119,BBPIG,56,Suchraum Rastede,32958.0,"7.842901952780925, 47.58585151929896",Elsfleth /West,31089.0,"7.44506934967185, 51.61850011435058",,380.0,2629.6MVA,6.0,Errichtung einer Leitung: Ersatz- neubau,449.43551168639885
P119,BBPIG,56,Elsfleth /West,31089.0,"7.44506934967185, 51.61850011435058",Huntorf,31060.0,"10.761248371477675, 52.36745365064589",,380.0,2629.6MVA,6.0,Errichtung einer Leitung: Ersatz- neubau,242.52183639108105
P119,BBPIG,56,Elsfleth / West,32620.0,"9.449636586504937, 53.96728651535278",Abzweig Blockland,30887.0,"6.85169033318656, 50.98414694486755",,380.0,2629.6MVA,6.0,Errichtung einer Leitung: Ersatz- neubau,375.9084944858047
P119,BBPIG,56,Abzweig Blockland,30887.0,"6.85169033318656, 50.98414694486755",Samtgemeinde Sottrum,35359.0,"9.253243575298317, 53.11482167195141",,380.0,2629.6MVA,6.0,Errichtung einer Leitung: Ersatz- neubau,288.66488195888667
P124,BBPIG,60,Wolmirstedt,31186.0,"11.507780016006695, 48.76113865788101",Klostermansfeld,31244.0,"9.775990807719905, 53.690669404243195",,380.0,2629.6MVA,,Änderung oder Erweiterung einer Leitung: Zu- oder Umbe- seilung,561.5608639216694
P124,BBPIG,60,Klostermansfeld,31244.0,"9.775990807719905, 53.690669404243195", Schraplau / Obhausen,30925.0,"9.215650199269069, 48.85230535501612",,380.0,,,Änderung oder Erweiterung einer Leitung: Zu- oder Umbe- seilung,539.6978744140777
P124,BBPIG,60, Schraplau / Obhausen,30925.0,"9.215650199269069, 48.85230535501612",Lauchstädt,30962.0,"12.469645157342972, 51.37166411554276",,380.0,,,Änderung oder Erweiterung einer Leitung: Zu- oder Umbe- seilung,364.21107573037233
P133,BBPIG,65,Borken,30887.0,"6.85169033318656, 50.98414694486755",Gießen / Nord,33454.0,"13.25555505622874, 50.93017826674416",,380.0,2629.6MVA,,Änderung oder Erweiterung einer Leitung: Zu- oder Umbe- seilung,449.8488862866828
P135,BBPIG,57,Ovenstädt,31186.0,"11.507780016006695, 48.76113865788101",Eickum,31053.0,"8.571446947612305, 52.10524367125356",,380.0,2629.6MVA,,Änderung oder Erweiterung einer Leitung: Zu- oder Umbe- seilung,426.41296553363134
P135,BBPIG,57,Eickum,31053.0,"8.571446947612305, 52.10524367125356", Bechterdissen,31033.0,"9.917180765726243, 52.27818419770801",,380.0,2629.6MVA,,Änderung oder Erweiterung einer Leitung: Zu- oder Umbe- seilung,94.01590024813896
P150,BBPIG,44,Schraplau / Obhausen,30925.0,"9.215650199269069, 48.85230535501612",Wolkramshausen,31033.0,"9.917180765726243, 52.27818419770801",,380.0,,3.0,Errichtung einer Leitung: Ersatz- neubau,384.31682079602086
P150,BBPIG,44,Wolkramshausen,31033.0,"9.917180765726243, 52.27818419770801",Vieselbach,31631.0,"13.211527686000428, 52.58062783766221",,380.0,,3.0,Errichtung einer Leitung: Ersatz- neubau,226.57050470127973
P159,BBPIG,67,Bürstadt,31186.0,"11.507780016006695, 48.76113865788101",Punkt Roxheim,31772.0,"8.248729079824315, 48.84631655943378",,380.0,,3.0,Errichtung einer Leitung: Par- allelneubau,239.57515784956556
P159,BBPIG,67,Punkt Roxheim,31772.0,"8.248729079824315, 48.84631655943378",BASF,34001.0,"8.40828877363479, 49.528623522017185",,380.0,,3.0,Errichtung einer Leitung: Neubau in neuer Trasse,76.76787459720221
P159,BBPIG,67,Punkt Roxheim,31772.0,"8.248729079824315, 48.84631655943378",BASF,34001.0,"8.40828877363479, 49.528623522017185",,380.0,,3.0,Änderung oder Erweiterung einer Leitung: Zu- oder Umbe- seilung,76.76787459720221
P161,BBPIG,66,Großkrotzenburg,32221.0,"8.958708591309906, 50.0826077912028",Dettingen,31104.0,"6.683107022192082, 51.57564552523084",,380.0,,,Änderung oder Erweiterung einer Leitung: Zu- oder Umbe- seilung,230.82863220118293
P161,BBPIG,66,Dettingen,31104.0,"6.683107022192082, 51.57564552523084",Urberach,30878.0,"11.37040879051204, 48.29148987363752",,380.0,,,Änderung oder Erweiterung einer Leitung: Zu- oder Umbe- seilung,496.4713302645547
P170,TYNDP,244,Uchtelfangen,30893.0,"6.934911668116749, 51.03353192133852",Ensdorf,32078.0,"7.031690662968545, 51.609442995662526",,380.0,,,"Änderung oder Erweiterung einer Leitung:
Zu- oder Umbeseilung",64.42685442852611
P170,TYNDP,244,Ensdorf,32078.0,"7.031690662968545, 51.609442995662526",Bundesgrenze (FR),,POINT (6.773207879811455 49.2910742139778),,380.0,,,"Änderung oder Erweiterung einer Leitung:
Zu- oder Umbeseilung",
P175,BBPIG,73,Wilhelmshaven 2,33048.0,"8.020290393908658, 50.92361692922066",Fedderwarden,31097.0,"6.6807962637334715, 51.646328801088394",,380.0,2629.6MVA,6.0,Errichtung einer Leitung: Neubau in neuer Trasse,123.27725577571954
P175,BBPIG,73,Wilhelmshaven 2,33048.0,"8.020290393908658, 50.92361692922066",Conneforde,31026.0,"8.052813201940419, 53.33191378148668",,380.0,2629.6MVA,6.0,Errichtung einer Leitung: Ersatz- neubau,267.97981258821494
P176,BBPIG,72,Eichstetten,31286.0,"8.702218487068025, 51.736352600067896",Bundesgrenze [FR],,POINT (7.753495510341039 48.09935573343809),,380.0,,3.0,Errichtung einer Leitung: Ersatz- neubau,
P200,BBPIG,74,Punkt Blatzheim,31466.0,"8.932880076577138, 52.19344813022315",Oberzier,30878.0,"11.37040879051204, 48.29148987363752",,380.0,,6.0,Errichtung einer Leitung: Ersatz- neubau,467.4936706874097
P204,TYNDP,231,Tiengen,30893.0,"6.934911668116749, 51.03353192133852",Bundesgrenze (CH),,POINT (8.258827663264396 47.6342088867097),,380.0,,3.0,"Errichtung einer Leitung:
Ersatzneubau",
P206,BBPIG,23,Herbertingen,31110.0,"6.65673525925894, 51.379523660262194",Kreis Konstanz ,,POINT (9.425344076806475 48.06443972503238),,380.0,,6.0,Errichtung einer Leitung: Ersatz- neubau,
P206,BBPIG,23,Kreis Konstanz ,,,Beuren,32078.0,"7.031690662968545, 51.609442995662526",,380.0,,6.0,Errichtung einer Leitung: Ersatz- neubau,36.5025930247802
P206,BBPIG,23,Beuren,32078.0,"7.031690662968545, 51.609442995662526",Gurtweil / Tiengen,31138.0,"10.867567075348711, 48.53945547505515",,380.0,,6.0,Errichtung einer Leitung: Ersatz- neubau,438.05726640021453
P211,BBPIG,65,Gießen / Nord,33454.0,"13.25555505622874, 50.93017826674416",Karben,31040.0,"8.809948917696808, 50.203566664751136",,380.0,2629.6MVA,,Änderung oder Erweiterung einer Leitung: Zu- oder Umbe- seilung,325.11678008489986
P212,,,Landesbergen,31114.0,"8.563991876746766, 53.03191782682749",Grohnde,31085.0,"9.390175306207366, 52.02668689009703",,380.0,2629.6MVA,,Änderung oder Erweiterung einer Leitung: Zu- oder Umbe- seilung,125.12292026219204
P212,,,Grohnde,31085.0,"9.390175306207366, 52.02668689009703",Vörden,31104.0,"6.683107022192082, 51.57564552523084",,380.0,2629.6MVA,,Änderung oder Erweiterung einer Leitung: Zu- oder Umbe- seilung,193.3513411401711
P212,,,Vörden,31104.0,"6.683107022192082, 51.57564552523084",Würgassen,31033.0,"9.917180765726243, 52.27818419770801",,380.0,2629.6MVA,,Änderung oder Erweiterung einer Leitung: Zu- oder Umbe- seilung,235.7795804869005
P212,,,Würgassen,31033.0,"9.917180765726243, 52.27818419770801",Sandershausen / Ost,31581.0,"8.060057024612524, 53.62020261480346",,380.0,2629.6MVA,,Änderung oder Erweiterung einer Leitung: Zu- oder Umbe- seilung,194.6312054739634
P212,,,Sandershausen / Ost,31581.0,"8.060057024612524, 53.62020261480346",Bergshausen,31033.0,"9.917180765726243, 52.27818419770801",,380.0,2629.6MVA,,Änderung oder Erweiterung einer Leitung: Zu- oder Umbe- seilung,194.6312054739634
P212,,,Bergshausen,31033.0,"9.917180765726243, 52.27818419770801", Borken,30887.0,"6.85169033318656, 50.98414694486755",,380.0,2629.6MVA,,Änderung oder Erweiterung einer Leitung: Zu- oder Umbe- seilung,256.4457024059232
P215,BBPIG,52,Güstrow,31759.0,"12.18580202996256, 53.81602837061954",Bentwisch,31533.0,"12.114769928393569, 49.631152225899484",,380.0,,,Errichtung einer Leitung: Ersatz- neubau,465.64342313750643
P215,BBPIG,52,Bentwisch,31533.0,"12.114769928393569, 49.631152225899484", Suchraum Gemeinden Sanitz/ Dettmannsdorf,,POINT (12.213671694775991 54.09974494582503),,380.0,,,Errichtung einer Leitung: Ersatz- neubau,
P216,BBPIG,53,Güstrow,31759.0,"12.18580202996256, 53.81602837061954",Siedenbrünzow,31097.0,"6.6807962637334715, 51.646328801088394",,380.0,,,Errichtung einer Leitung: Ersatz- neubau,443.1966065196324
P216,BBPIG,53,Siedenbrünzow,31097.0,"6.6807962637334715, 51.646328801088394",Iven/Krusenfelde/Krien/ Spantekow/Wer- der/Bartow,,POINT (13.143068658999566 53.907546811967244),,380.0,,,Errichtung einer Leitung: Ersatz- neubau,
P216,BBPIG,53,Iven/Krusenfelde/Krien/ Spantekow/ Werder/Bartow,,,Pasewalk / Nord,35283.0,"14.033684493013668, 53.507523103743004",,380.0,,,Errichtung einer Leitung: Ersatz- neubau,539.4556369724
P216,BBPIG,53,Pasewalk / Nord,35283.0,"14.033684493013668, 53.507523103743004",Pasewalk,30901.0,"6.842650702727905, 50.863538522235274",,380.0,,,Errichtung einer Leitung: Ersatz- neubau,572.7005352247487
P221,TYNDP,267,50Hz T-Regalzone,,,Südschweden,31498.0,"13.15800426368283, 51.82837015543804",,,700MW,,"Errichtung einer Leitung: Neubau in
neuer Trasse",196.01807925645713
P222,BBPIG,47,Oberbachern,30878.0,"11.37040879051204, 48.29148987363752", Ottenhofen,31293.0,"11.868156362309199, 48.20680293969778",,380.0,2629.6MVA,6.0,Errichtung einer Leitung: Ersatz- neubau,38.14589950808614
P223,,,Güstrow,31759.0,"12.18580202996256, 53.81602837061954",Wessin,30955.0,"8.959009455774234, 52.27852956056669",,380.0,2629.6MVA,,Änderung oder Erweiterung einer Leitung: Zu- oder Umbe- seilung,275.82667823067925
P223,,,Wessin,30955.0,"8.959009455774234, 52.27852956056669",Görries,31614.0,"11.370591034721848, 53.60071538776719",,380.0,2629.6MVA,,Änderung oder Erweiterung einer Leitung: Zu- oder Umbe- seilung,218.923002678065
P223,,,Görries,31614.0,"11.370591034721848, 53.60071538776719",Klein Rogahn,31077.0,"10.235863189815383, 52.29345956917022",,380.0,2629.6MVA,,Änderung oder Erweiterung einer Leitung: Zu- oder Umbe- seilung,164.25649799774436
P223,,,Klein Rogahn,31077.0,"10.235863189815383, 52.29345956917022",Krümmel,31244.0,"9.775990807719905, 53.690669404243195",,380.0,2629.6MVA,,Änderung oder Erweiterung einer Leitung: Zu- oder Umbe- seilung,158.52583417303478
P225,BBPIG,77,Altheim,30930.0,"13.5061273352059, 52.473825606560844",Isar,32780.0,"12.296883821275578, 48.60690994546696",,380.0,2629.6MVA,9.0,Errichtung einer Leitung: Neubau in neuer Trasse,438.5941207641946
P227,,,Lübeck / West,33618.0,"10.640952461335745, 53.919444277182414",Krümmel,31244.0,"9.775990807719905, 53.690669404243195",,380.0,2629.6MVA,6.0,Errichtung einer Leitung: Neubau in neuer Trasse,62.414795865358315
P228,BBPIG,59,Landesbergen,31114.0,"8.563991876746766, 53.03191782682749",Lehrte / Lahe,31838.0,"9.918175987940906, 52.38000537566891",,380.0,2629.6MVA,6.0,Errichtung einer Leitung: Ersatz- neubau,116.79140600341466
P228,BBPIG,59,Lehrte / Lahe,31838.0,"9.918175987940906, 52.38000537566891",Mehrum / Nord,34776.0,"10.087649794874086, 52.315125665613714",,380.0,2629.6MVA,6.0,Errichtung einer Leitung: Ersatz- neubau,13.619617153877071
P252,,,(Marzahn –) Biesdorf / Süd,,,Wuhlheide,30930.0,"13.5061273352059, 52.473825606560844",,380.0,,6.0,Errichtung einer Leitung: Ersatz- neubau,244.2604370041963
P302,BBPIG,68,Höpfingen,30867.0,"11.639339068563299, 48.17869599545106",Hüffenhardt,31826.0,"8.403502360406835, 52.60907601124505",,380.0,,3.0,Änderung oder Erweiterung einer Leitung: Zu- oder Umbe- seilung,543.7506156917196
P306,,,Großgartach,30972.0,"8.772275034667414, 49.974574340406285",Pulverdingen,30893.0,"6.934911668116749, 51.03353192133852",,380.0,,3.0,"Errichtung einer Leitung: Ersatzneubau, Parallelneubau, Änderung oder Erweiterung einer Leitung: Zu- oder Umbe- seilung",175.68001665906127
P313,TYNDP,225,Dahlem,31023.0,"9.821583888142671, 52.42485528702232",Belgien.,31033.0,"9.917180765726243, 52.27818419770801",,380.0,mind. 1GW,,"Errichtung einer
Leitung: Neubau in
neuer Trasse",17.572558735845252
P315,BBPIG,63,Hanekenfähr,30865.0,"8.735135796743075, 50.159191553758134",Gronau,31085.0,"9.390175306207366, 52.02668689009703",,380.0,,6.0,"Errichtung einer Leitung: Ersatzneubau,
Errichtung einer Leitung: Paral- lelneubau",212.76426291057103
P328,BBPIG,70,Fedderwarden,31097.0,"6.6807962637334715, 51.646328801088394", Großbritannien,31241.0,"9.425344076806475, 48.06443972503238",,380.0,"1,4 GW",,Errichtung einer Leitung: Neubau in neuer Trasse,444.52631402787296
P330,,,Rittershausen,31033.0,"9.917180765726243, 52.27818419770801",Höpfingen,30867.0,"11.639339068563299, 48.17869599545106",,380.0,,,Änderung oder Erweiterung einer Leitung: Zu- oder Umbe- seilung,472.230534229321
P355,,,Netzverstärkung Neuenhagen,33678.0,"13.710158941385528, 52.53912561098884",Heinersdorf – Eisenhüttenstadt,32509.0,"14.603938187245118, 52.174864548479",,380.0,,6.0,Errichtung einer Leitung: Ersatz- neubau,73.14920715542195
P355,,,Heinersdorf,32078.0,"7.031690662968545, 51.609442995662526",Eisenhüttenstadt,32509.0,"14.603938187245118, 52.174864548479",,380.0,,6.0,Errichtung einer Leitung: Ersatz- neubau,524.8325130795831
P355,,,Eisenhüttenstadt,32509.0,"14.603938187245118, 52.174864548479",Preilack,30972.0,"8.772275034667414, 49.974574340406285",,380.0,,6.0,Errichtung einer Leitung: Ersatz- neubau,476.19383215672565
P359,BBPIG,60,Stendal / West,31846.0,"11.727508020040295, 52.568641773335166",Wolmirstedt,31186.0,"11.507780016006695, 48.76113865788101",,380.0,,,Änderung oder Erweiterung einer Leitung: Zu- oder Umbe- seilung,423.83763756699057
P367,TYNDP ,1047,Emden / Ost,31089.0,"7.44506934967185, 51.61850011435058",Eemshaven (Grenze,34124.0,"8.147837119262812, 53.56354694037817",,380.0,,3.0,Errichtung einer Leitung: Neubau in neuer Trasse,221.61688517719608
P402,,,Westerkappeln,31373.0,"12.94304061364577, 52.56256564446307",Gersteinwerk,31274.0,"11.004916950000002, 50.50741499934261",,380.0,,,Errichtung einer Leitung: Neubau in neuer Trasse,265.2454108134558
P403,BBPIG,64,Hattingen,31104.0,"6.683107022192082, 51.57564552523084",Linderhausen,30925.0,"9.215650199269069, 48.85230535501612",,380.0,,,Errichtung einer Leitung: Ersatz- neubau,352.70973584909063
P403,BBPIG,64,Linderhausen,30925.0,"9.215650199269069, 48.85230535501612",Linde,31085.0,"9.390175306207366, 52.02668689009703",,380.0,,,Errichtung einer Leitung: Ersatz- neubau,353.3274693069646
P406,BBPIG,71,Aach,30962.0,"12.469645157342972, 51.37166411554276",Bofferdange,31110.0,"6.65673525925894, 51.379523660262194",,380.0,,,Errichtung einer Leitung: Ersatz- neubau,404.64443786105755
P408,,,Eiberg,30906.0,"7.1924101684630415, 50.798900164895514",Bochum,30887.0,"6.85169033318656, 50.98414694486755",,380.0,,,Errichtung einer Leitung: Ersatz- neubau,31.6134949934102
P408,,,Bochum,30887.0,"6.85169033318656, 50.98414694486755",Hattingen,31104.0,"6.683107022192082, 51.57564552523084",,380.0,,,Errichtung einer Leitung: Ersatz- neubau,66.84933990676072
P408,,,Emscherbruch,31274.0,"11.004916950000002, 50.50741499934261",Bochum / Eiberg,32720.0,"7.1793735100712075, 51.47220069047802",,380.0,,6.0,Änderung oder Erweiterung einer Leitung: Zu- oder Umbe- seilung,289.20887339060585
P450,BBPIG,60,Putlitz / Süd,34773.0,"12.087770145624637, 53.25096102751974",Putlitz,31211.0,"13.103170798561646, 48.666822143269734",,380.0,,,Änderung oder Erweiterung einer Leitung: Zu- oder Umbe- seilung,514.924555871056
P450,BBPIG,60,Putlitz,31211.0,"13.103170798561646, 48.666822143269734",Perleberg,31093.0,"6.577290606676847, 51.55639121788975",,380.0,,,Änderung oder Erweiterung einer Leitung: Zu- oder Umbe- seilung,566.4074205526246
P450,BBPIG,60,Perleberg,31093.0,"6.577290606676847, 51.55639121788975",Stendal / West,31846.0,"11.727508020040295, 52.568641773335166",,380.0,,,Änderung oder Erweiterung einer Leitung: Zu- oder Umbe- seilung,370.6404041015731
P450,BBPIG,60,Güstrow,31759.0,"12.18580202996256, 53.81602837061954",Siedenbrünzow,31097.0,"6.6807962637334715, 51.646328801088394",,380.0,,,Änderung oder Erweiterung einer Leitung: Zu- oder Umbe- seilung,443.1966065196324
P450,BBPIG,60,Siedenbrünzow,31097.0,"6.6807962637334715, 51.646328801088394",Putlitz / Süd,34773.0,"12.087770145624637, 53.25096102751974",,380.0,,,Änderung oder Erweiterung einer Leitung: Zu- oder Umbe- seilung,408.5433419668871
P451,BBPIG,62,Graustein,30925.0,"9.215650199269069, 48.85230535501612",Bärwalde,31418.0,"7.0235445557801786, 50.99906843090559",,380.0,,,Änderung oder Erweiterung einer Leitung: Zu- oder Umbe- seilung,285.96412911709905
P462,BBPIG,75,Aachen,30878.0,"11.37040879051204, 48.29148987363752",Zukunft,31248.0,"6.300916694699705, 50.82893923288616",,380.0,,,"Errichtung einer Leitung: Ersatzneubau, Änderung oder Erweiterung einer Leitung: Zu- oder Umbe- seilung",462.60075600436875
P462,BBPIG,75,Zukunft,31248.0,"6.300916694699705, 50.82893923288616",Verlautenheide,30930.0,"13.5061273352059, 52.473825606560844",,380.0,,,"Errichtung einer Leitung: Ersatzneubau, Änderung oder Erweiterung einer Leitung: Zu- oder Umbe- seilung",530.9127697437065
P464,,,Punkt Fraulautern,,,Saarwellingen,30893.0,"6.934911668116749, 51.03353192133852",,80.0,,6.0,Errichtung einer Leitung: Ersatzneubau,50.04555573073451
P464,,,Diefflen,31118.0,"9.501790032393501, 53.54281468005007",Saarwellingen,30893.0,"6.934911668116749, 51.03353192133852",,380.0,,9.0,Errichtung einer Leitung: Ersatzneubau,329.5558438127403
P464,,,Punkt Fraulautern,,,Saarwellingen,30893.0,"6.934911668116749, 51.03353192133852",,380.0,,6.0,Änderung oder Erweiterung einer Leitung: Zu- oder Umbe- seilung,329.5558438127403
P500,,,Aschaffenburg/neu,32547.0,"9.089693390602573, 49.968496880547754",Urberach,30878.0,"11.37040879051204, 48.29148987363752",,380.0,,6.0,Errichtung einer Leitung: Neubau in neuer Trasse,249.95398193986549
P501,,,Gersteinwerk,31274.0,"11.004916950000002, 50.50741499934261",Lippe,31350.0,"7.136855967198004, 50.642920980208515",,380.0,,12.0,Errichtung einer Leitung: Ersatz- neubau,274.38391416851783
P501,,,Lippe,31350.0,"7.136855967198004, 50.642920980208515",Mengede,31035.0,"11.440779465395813, 48.17180539168197",,380.0,,12.0,Errichtung einer Leitung: Ersatz- neubau,415.9219584287555
P502,,,Walsum,30934.0,"7.023309809364244, 51.625703743245474",Beeck,31223.0,"6.868045010993376, 51.37447481072721",,380.0,,,Errichtung einer Leitung: Ersatz- neubau,29.958498841690062
P503,,,Niederrhein,31097.0,"6.6807962637334715, 51.646328801088394",Walsum,30934.0,"7.023309809364244, 51.625703743245474",,380.0,,,Änderung oder Erweiterung einer Leitung: Zu- oder Umbe- seilung,23.824202600574736
P504,,,Sechtem,30904.0,"6.972459875900362, 50.79563726078529",Weissenthurm,31033.0,"9.917180765726243, 52.27818419770801",,380.0,,,Änderung oder Erweiterung einer Leitung: Zu- oder Umbe- seilung,262.55256584038887
P505,,,Niederstedem,31097.0,"6.6807962637334715, 51.646328801088394",Bauler,34098.0,"7.195979372179286, 51.411575331958",,380.0,,,Änderung oder Erweiterung einer Leitung: Zu- oder Umbe- seilung,44.27582453494378
P505,,,Bauler,34098.0,"7.195979372179286, 51.411575331958",Bundesgrenze Luxemburg,31577.0,"12.150406582428232, 49.01275130704451",,380.0,,,Änderung oder Erweiterung einer Leitung: Zu- oder Umbe- seilung,442.85368397551025
P509,,,Limburg,30873.0,"9.908850396108344, 53.488048569222116",Eschborn,32020.0,"6.787529932227501, 51.50554942577105",,380.0,,,Errichtung einer Leitung: Neubau in neuer Trasse,305.8926368125132
P509,,,Eschborn,32020.0,"6.787529932227501, 51.50554942577105",Kriftel,31244.0,"9.775990807719905, 53.690669404243195",,380.0,,3.0,Änderung oder Erweiterung einer Leitung: Zu- oder Umbe- seilung,316.3752019440725
P528,,,Lauchstädt,30962.0,"12.469645157342972, 51.37166411554276",Leuna / Merseburg / Weißenfels,,POINT (11.894609645338448 51.406527815825655),,380.0,,,Errichtung einer Leitung: Ersatz- neubau,
P528,,,Leuna / Merseburg / Weißenfels,,,Pulgar,31126.0,"8.480095303151476, 50.59092047197062",,380.0,,,Errichtung einer Leitung: Ersatz- neubau,293.27997729765053
P531,,,Thyrow,31549.0,"13.306340695859848, 52.23082066002767",Mahlow,31062.0,"10.365338662586142, 52.28466156477866",,380.0,,6.0,"Errichtung einer Leitung: Neubau in neuer Trasse, Errichtung einer Leitung: Ersatz- neubau",200.89564762547505
P531,,,Mahlow,31062.0,"10.365338662586142, 52.28466156477866", Berlin / Südost / Lichterfelde,,,,380.0,,6.0,"Errichtung einer Leitung: Neubau in neuer Trasse, Errichtung einer Leitung: Ersatz- neubau",
P531,,, Berlin / Südost / Lichterfelde,,,Mitte,31138.0,"10.867567075348711, 48.53945547505515",,380.0,,6.0,"Errichtung einer Leitung: Neubau in neuer Trasse, Errichtung einer Leitung: Ersatz- neubau",418.1289969160688
P531,,,Malchow,31874.0,"7.123084146476573, 51.171584832548554",Moabit,31507.0,"9.113284847390235, 52.54385184852183",,380.0,,,Errichtung einer Leitung: Neubau in neuer Trasse,205.19984943781745
P531,,,Moabit,31507.0,"9.113284847390235, 52.54385184852183", Reuter,31307.0,"9.562823506395988, 48.701489860974824",,380.0,,,Errichtung einer Leitung: Neubau in neuer Trasse,428.6078098823321
