scn_name,line_id,bus0,bus1,type,carrier,x,r,g,b,s_nom,s_nom_extendable,s_nom_min,s_nom_max,s_max_pu,build_year,lifetime,capital_cost,length,cables,terrain_factor,num_parallel,v_ang_min,v_ang_max,v_nom,geom,topo,Project,Project_id,Startpoint,subst_name1,bus_id_1,matching1%,matching2%,Coordinate0,Endpoint,subst_name2,bus_id_2,Cordinate1,Distance,Voltage,s_nom.1,NOVA-Type,Comments,Coordinate1,,,
50HzT-003,29301,33677,34267,,AC,,,,,,,,,1,2022,40,,72.6876426603714,3,,,,,,,,EnLAG,3,Neuenhagen,Umspannwerk Neuenhagen,33677,62.5,100,13.710158941385528 52.53912561098884,Vierraden,Vierraden,34267,14.2680688044471,53.0980593871553,72.68764266,380,,"Errichtung einer Leitung: Neubau in neuer Trasse;
Errichtung einer Lei-
tung: Ersatzneubau",,14.268068804447122 53.09805938715533,,
50HzT-003,29302,34267,31612,,AC,,,,,,,,,1,2022,40,,26.9583278245532,3,,,,,,,,EnLAG,3,Vierraden,Vierraden,34267,100,57.14,14.268068804447122 53.09805938715533,Bertikow,Umspannwerk Bertikow,31612,13.9570178736236,53.2521759067797,26.95832782,380,,"Errichtung einer Leitung: Neubau in neuer Trasse;
Errichtung einer Lei-
tung: Ersatzneubau",,13.957017873623581 53.25217590677972,,
50HzT-007,29303,33677,31372,,AC,,,,,,,,,1,2023,40,,52.1001517944162,3,,,,,,,,EnLAG,11,Neuenhagen  ,Umspannwerk Neuenhagen,33677,58.82,94.74,13.710158941385528 52.53912561098884,Wustemark,Wustermark,31372,12.9430406136458,52.5625656444631,52.10015179,380,,"Errichtung einer Leitung: Neubau in neuer Trasse;
Errichtung einer Lei-
tung: Ersatzneubau",,12.94304061364577 52.56256564446307,,
50HzT-P33,29304,31318,31320,,AC,,,,,,,,,1,2022,40,,44.4459056266677,3,,,,,,,,BBPIG,10,Wolmirstedt,Umspannwerk Wolmirstedt,31318,64.71,60,11.6401668419024 52.26899390911886,Helmstedt,Umspannwerk Helmstedt,31320,10.9993330708021,52.200142013707,44.44590563,380,2366.6MVA,Änderung oder Erweiterung einer Leitung: Zu- oder Umbeseilung,Stromtragfähigkeit: 3600A,10.999333070802122 52.20014201370701,,
50HzT-P34,29305,32614,35265,,AC,,,,,,,,,1,2026,40,,58.1845308785885,,,,,,,,,BBPIG,39,Perleberg,Umspannwerk Perleberg,32614,60,61.11,11.852340511063945 53.08685484855226,Stendal/West,Umspannwerk Stendal West,35265,11.7269020449901,52.5695525307691,58.18453088,380,,Errichtung einer Lei- tung: Ersatzneubau,,11.72690204499007 52.56955253076913,,
50HzT-P34,29306,35265,31318,,AC,,,,,,,,,1,2026,40,,92.1360372871913,,,,,,,,,BBPIG,39,Stendal/West,Umspannwerk Stendal West,35265,61.11,68.57,11.72690204499007 52.56955253076913, Wolmirstedt,Umspannwerk Wolmirstedt,31318,11.6401668419024,52.2689939091189,92.13603729,380,,Errichtung einer Lei- tung: Ersatzneubau,,11.6401668419024 52.26899390911886,,
50HzT-P34,29307,32985,32614,,AC,,,,,,,,,1,2026,40,,58.1845308785885,,,,,,,,,BBPIG,39,Parchim / Süd,Umspannwerk Parchim,32985,43.75,60,11.8128737230406 53.42460616868441,Perleberg,Umspannwerk Perleberg,32614,11.8523405110639,53.0868548485523,58.18453088,380,,Errichtung einer Lei- tung: Ersatzneubau,,11.852340511063945 53.08685484855226,,
50HzT-P34,29308,34884,32985,,AC,,,,,,,,,1,2026,40,,48.6342558865379,,,,,,,,,BBPIG,39,Güstrow,Umspannstation Güstrow Umweltpark,34884,35,43.75,12.20669507272273 53.793518103553104,Parchim / Süd,Umspannwerk Parchim,32985,11.8128737230406,53.4246061686844,48.63425589,380,,Errichtung einer Lei- tung: Ersatzneubau,,11.8128737230406 53.42460616868441,,
50HzT-P36,29309,31612,35282,,AC,,,,,,,,,1,2025,40,,124.926549146203,,,,,,,,,BBPIG,11,Bertikow   ,Umspannwerk Bertikow,31612,51.61,100,13.957017873623581 53.25217590677972,Pasewalk,Pasewalk,35282,14.0336844930137,53.507523103743,124.9265491,380,,Errichtung einer Lei- tung: Ersatzneubau,,14.033684493013668 53.507523103743004,,
50HzT-P38,29310,34958,,,AC,,,,,,,,,1,2025,40,,,,,,,,,,,BBPIG,13,Pulgar,Umspannwerk Pulgar,34958,50,,12.337422954113398 51.19696836334348,Geußnitz (Abschnitt Ost),,,,,380,,Änderung oder Erweiterung einer Leitung: Zu- oder Umbeseilung,Umbeseilung:HTLS,,,,
50HzT-P38,29311,33846,,,AC,,,,,,,,,1,2025,40,,,,,,,,,,,BBPIG,13,Geußnitz,Umspannwerk Sebnitz,33846,37.04,,14.250484366377401 50.96941478478351,Bad Sulza (Abschnitt Mitte),,,,,380,,Errichtung einer Lei- tung: Ersatzneubau,,,,,
50HzT-P38,29312,32331,34454,,AC,,,,,,,,,1,2025,40,,75.6213475819197,,,,,,,,,BBPIG,13,Bad Sulza,Bad Lauterberg,32331,43.48,50,10.501249663972661 51.6462151893568,Vieselbach (Abschnitt West),Eisenach/West,34454,10.2911425630916,50.9793743542492,75.62134758,380,,Errichtung einer Lei- tung: Ersatzneubau,,10.291142563091611 50.97937435424922,,
50HzT-P39,29313,30952,33517,,AC,,,,,,,,,1,2026,40,,279.426643671711,,,,,,,,,BBPIG,14,Röhrsdorf,Umspannwerk Röhrsdorf,30952,60,35,12.815082479900909 50.85868947882309,Weida (Abschnitt Ost),Umspannwerk Weidach,33517,13.33103245,48.3687976498484,279.4266437,380,,Errichtung einer Lei- tung: Ersatzneubau,,13.331032449999999 48.368797649848425,,
50HzT-P39,29314,34084,33608,,AC,,,,,,,,,1,2026,40,,39.3162932079481,,,,,,,,,BBPIG,14,Weida,Umspannwerk Weida,34084,45.45,56.41,12.045483740723734 50.780944014196685,Remptendorf (Abschnitt West),Remptendorf,33608,11.6463683227934,50.5348779951858,39.31629321,380,,Errichtung einer Lei- tung: Ersatzneubau,,11.646368322793366 50.53487799518581,,
50HzT- P180,29315,30931,31631,,AC,,,,,,,,,1,2030,40,,21.7788262817305,6,,,,,,,,,,Marzahn,Umspannwerk Marzahn,30931,53.85,66.67,13.524113150563279 52.53579367759632,Teufelsbruch,Umspannwerk Teufelsbruch,31631,13.2115276860004,52.5806278376622,21.77882628,380,,Errichtung einer Lei- tung: Ersatzneubau,,13.211527686000428 52.58062783766221,,
50HzT- P180,29316,31678,32172,,AC,,,,,,,,,1,2030,40,,319.672878749261,6,,,,,,,,,,Friedrichshain,Friedrichshain,31678,100,50,13.456433133865078 52.52145796286808,Mitte,Rendsburg Mitte,32172,9.69148367627051,54.3088007555686,319.6728787,380,,Errichtung einer Lei- tung: Ersatzneubau,,9.691483676270511 54.30880075556864,,
50HzT- P180,29317,32172,32374,,AC,,,,,,,,,1,2030,40,,312.357340092743,6,,,,,,,,,,Mitte,Rendsburg Mitte,32172,50,70,9.691483676270511 54.30880075556864,Charlottenburg,Umspannwerk Charlottenburg,32374,13.3155159120719,52.5219993936794,312.3573401,380,,Errichtung einer Lei- tung: Ersatzneubau,,13.315515912071856 52.52199939367935,,
50HzT- P180,29318,32374,32291,,AC,,,,,,,,,1,2030,40,,4.63769168878968,6,,,,,,,,,,Charlottenburg,Umspannwerk Charlottenburg,32374,70,50,13.315515912071856 52.52199939367935,Reuter,Umspannwerk Reuter,32291,13.2490303428088,52.5316251001052,4.637691689,380,,Errichtung einer Lei- tung: Ersatzneubau,,13.249030342808782 52.53162510010523,,
50HzT- P213,29319,34843,34545,,AC,,,,,,,,,1,2035,40,,374.236645652632,6,,,,,,,,EnLAG,12,DE,Umspannwerk Leipzig D,34843,8.7,8.33,12.36809780440618 51.327840038047846,PL,Station Schöppingen WP,34545,7.08975475937397,52.078209265494,374.2366457,380,,Errichtung einer Leitung: Neubau in neuer Trasse,,7.089754759373973 52.07820926549395,,
50HzT- P213,29320,32509,32509,,AC,,,,,,,,,1,2035,40,,0,,,,,,,,,EnLAG,12,Eisenhüttenstadt,Umspannwerk Eisenhüttenstadt,32509,72.73,72.73,14.603938187245118 52.174864548479,Eisenhüttenstadt,Umspannwerk Eisenhüttenstadt,32509,14.6039381872451,52.174864548479,0,380,,Errichtung einer Leitung: Neubau in neuer Trasse,,14.603938187245118 52.174864548479,,
50HzT- P221,29321,,33636,,DC,,,,,,,,,1,2026,40,,427.16332208956,,,,,,,,,BBP,69,DC-Kabel Hansa PowerBridge (HPB),,,,11.11,,,Umspannwerk Neustadt an der Donau,33636,11.7612565734905,48.7893176679472,427.1633221,380,700MW,Errichtung einer Leitung: Neubau in neuer Trasse,,11.761256573490533 48.78931766794723,,
50HzT- P450,29322,35254,34117,,AC,,,,,,,,,1,2022,40,,68.1234811515682,,,,,,,,,BBP,61,Ragow,Umspannwerk Ragow,35254,45.45,100,13.901128357714425 51.87617291731876,Streumen,Streumen,34117,13.3833631773804,51.3555898515283,68.12348115,,,horizontal,seilklemmentausch:höhere stromtragfähigkeit,13.38336317738044 51.355589851528315,,
AMP-001,29323,31853,31026,,AC,,,,,,,,,1,2023,40,,111.092430821688,12,,,,,,,,EnLAG,2,Wehrendorf,Wehrendorf,31853,100,50,8.307757038447726 52.34563570215149,Punkt Lemförde,Conneforde,31026,8.05281320194042,53.3319137814867,111.0924308,380,2629.6MVA,Errichtung einer Lei- tung: Ersatzneubau,neubau einerr leitung für vier stromkreise, Stromtragfähigkeit 4000A,8.052813201940419 53.33191378148668,
AMP-001,29324,31026,31825,,AC,,,,,,,,,1,2023,40,,30.0278402276506,,,,,,,,,EnLAG,2,Punkt Lemförde,Conneforde,31026,50,62.07,8.052813201940419 53.33191378148668, St. Hülfe,Station Sankt Hülfe,31825,8.40350236040683,52.6090760112451,30.02784023,380,2629.6MVA,Errichtung einer Lei- tung: Ersatzneubau,Stromtragfähigkeit 4000A,8.403502360406835 52.60907601124505,,
AMP-009,29325,31096,32979,,AC,,,,,,,,,1,2027,40,,447.290931296765,3,,,,,,,,EnLAG,5,Niederrhein,Station Niederrhein,31096,73.33,51.61,6.6807962637334715 51.646328801088394,Wettringen,Umspannwerk Wertingen,32979,10.6936672771006,48.5609949456442,447.2909313,380,,Errichtung einer Lei- tung: Ersatzneubau,,10.693667277100568 48.56099494564423,,
AMP-009,29326,31096,31296,,AC,,,,,,,,,1,2027,40,,384.127166527981,3,,,,,,,,EnLAG,5,Niederrhein,Station Niederrhein,31096,73.33,35,6.6807962637334715 51.646328801088394,Wettringen (Kabel),Umspannwerk Wendlingen,31296,9.40058183329796,48.6669673872187,384.1271665,380,,Errichtung einer Lei- tung: Ersatzneubau,teilverkabelung als Erdkabel,9.400581833297963 48.66696738721869,,
AMP-009,29327,32979,34613,,AC,,,,,,,,,1,2027,40,,129.739949319585,3,,,,,,,,EnLAG,5,Wettringen,Umspannwerk Wertingen,32979,51.61,100,10.693667277100568 48.56099494564423,Meppen,Meppen,34613,7.27715395908919,52.7532426180129,129.7399493,380,,Errichtung einer Leitung: Neubau in neuer Trasse,,7.277153959089187 52.75324261801293,,
AMP-010,29328,31637,32037,,AC,,,,,,,,,1,2021,40,,451.188159914131,3,,,,,,,,EnLAG,"16,18",Gaste,Graustein,31637,71.43,100,14.471920575633378 51.55412023622933,Lüstringen,Lüstringen,32037,8.10463905494261,52.2651043333788,451.1881599,380,,Änderung oder Erweiterung einer Leitung: Zu- oder Umbeseilung,,8.104639054942613 52.26510433337879,,
AMP-010,29329,32037,31853,,AC,,,,,,,,,1,2021,40,,16.4999808950325,3,,,,,,,,EnLAG,"16,18",Lüstringen,Lüstringen,32037,100,100,8.104639054942613 52.26510433337879,Wehrendorf,Wehrendorf,31853,8.30775703844773,52.3456357021515,16.4999809,380,,Errichtung einer Lei- tung: Ersatzneubau,,8.307757038447726 52.34563570215149,,
AMP-010,29330,32037,32096,,AC,,,,,,,,,1,2021,40,,26.5803147670606,3,,,,,,,,EnLAG,16.18,Lüstringen,Lüstringen,32037,100,63.64,8.104639054942613 52.26510433337879,Hesseln,Station Hesseln,32096,8.31901326837784,52.0658920602165,26.58031477,380,,Errichtung einer Lei- tung: Ersatzneubau,,8.319013268377837 52.06589206021646,,
AMP-010,29331,32096,32409,,AC,,,,,,,,,1,2021,40,,343.687760517121,3,,,,,,,,EnLAG,"16,18",Hesseln,Station Hesseln,32096,63.64,30.77,8.319013268377837 52.06589206021646,Gütersloh,Umspannwerk Münstersche Straße,32409,13.3073134678362,52.493747124416,343.6877605,380,,Errichtung einer Lei- tung: Ersatzneubau,,13.307313467836156 52.493747124416,,
AMP-014,29332,32711,35129,,AC,,,,,,,,,1,2021,40,,420.296743098798,3,,,,,,,,EnLAG,"14,15",Punkt Fellerhöfe,Umspannwerk Lauterhofen,32711,35.9,68.75,11.599121468341334 49.39431927215067,Punkt St. Tönis,Station St. Tönis,35129,6.51871383081327,51.3238488953696,420.2967431,380,,Errichtung einer Lei- tung: Ersatzneubau,,6.518713830813268 51.32384889536959,,
AMP-014,29333,35129,33860,,AC,,,,,,,,,1,2021,40,,299.858670671581,3,,,,,,,,EnLAG,"14,15",Punkt St. Tönis,Station St. Tönis,35129,68.75,50,6.518713830813268 51.32384889536959,Punkt Hüls-West,Suhl/West,33860,10.633479541568,50.60563609596,299.8586707,380,,Errichtung einer Lei- tung: Ersatzneubau,stromkreisauflage,10.633479541568006 50.60563609595998,,
AMP-014,29334,30979,33860,,AC,,,,,,,,,1,2021,40,,297.810582171919,3,,,,,,,,EnLAG,"14,15",Utfort ,Station Utfort,30979,57.14,50,6.617199413011056 51.47583728028681,Punkt Hüls-West,Suhl/West,33860,10.633479541568,50.60563609596,297.8105822,380,,Errichtung einer Lei- tung: Ersatzneubau,,10.633479541568006 50.60563609595998,,
AMP-014,29335,31188,31421,,AC,,,,,,,,,1,2021,40,,19.7684131897487,3,,,,,,,,EnLAG,"14,15",Osterath,Station Osterath,31188,66.67,69.23,6.625829004351699 51.26061129731316,Gohrpunkt,Station Gohrpunkt,31421,6.70975594679981,51.090932471234,19.76841319,380,,Errichtung einer Lei- tung: Ersatzneubau,,6.709755946799809 51.09093247123397,,
AMP-014,29336,31421,31195,,AC,,,,,,,,,1,2021,40,,9.14586681687871,3,,,,,,,,EnLAG,"14,15",Gohrpunkt,Station Gohrpunkt,31421,69.23,70,6.709755946799809 51.09093247123397,Rommerskirchen,Umspannwerk Rommerskirchen,31195,6.70219495035854,51.0088601210679,9.145866817,380,,Errichtung einer Lei- tung: Ersatzneubau,,6.702194950358541 51.00886012106785,,
AMP-014,29337,30979,31188,,AC,,,,,,,,,1,2021,40,,19.7684131897487,3,,,,,,,,EnLAG,"14,15",Utfort ,Station Utfort,30979,57.14,66.67,6.617199413011056 51.47583728028681,Osterath,Station Osterath,31188,6.6258290043517,51.2606112973132,19.76841319,380,,Errichtung einer Lei- tung: Ersatzneubau,,6.625829004351699 51.26061129731316,,
AMP-014,29338,31829,32821,,AC,,,,,,,,,1,2021,40,,143.707477533605,3,,,,,,,,EnLAG,"14,15",Punkt Birkenhof,220 kV-Umspannwerk Birkenfeld,31829,45.45,72.73,8.641627910762603 48.89007089696151,Gellep,Melle,32821,8.33245497453251,52.2103833886586,143.7074775,380,,Errichtung einer Lei- tung: Ersatzneubau,,8.332454974532505 52.21038338865864,,
AMP-018,29339,31195,30904,,AC,,,,,,,,,1,2024,40,,30.3989735061696,3,,,,,,,,15,15,Rommerskirchen,Umspannwerk Rommerskirchen,31195,70,63.64,6.702194950358541 51.00886012106785,Sechtem,Station Sechtem,30904,6.97245987590036,50.7956372607853,30.39897351,380,,Errichtung einer Lei- tung: Ersatzneubau,,6.972459875900362 50.79563726078529,,
AMP-022,29340,30928,32246,,AC,,,,,,,,,1,2025,40,,116.976371112566,3,,,,,,,,EnLAG,19,Kruckel,Station Kruckel,30928,63.64,63.16,7.417051340500602 51.457221874784416,Ochsenkopf,Ossendorf,32246,9.09878467133596,51.5120745762445,116.9763711,380,,Errichtung einer Lei- tung: Ersatzneubau,,9.098784671335956 51.512074576244466,,
AMP-022,29341,32246,33982,,AC,,,,,,,,,1,2025,40,,82.8022812422432,3,,,,,,,,EnLAG,19,Ochsenkopf ,Ossendorf,32246,60,71.43,9.098784671335956 51.512074576244466,Dauersberg,Station Dauersberg,33982,7.86375884219725,50.7680885263367,82.80228124,380,,Errichtung einer Lei- tung: Ersatzneubau,,7.863758842197247 50.76808852633666,,
AMP-028,29342,31219,33348,,AC,,,,,,,,,1,2021,40,,146.797895934287,3,,,,,,,,,,Wanne,Station Wanne,31219,55.56,51.85,7.140650192920247 51.55724834807932,Günnigfeld,Station Hünenfeld,33348,7.545336031189,50.2627113530627,146.7978959,380,,Änderung oder Erweiterung einer Leitung: Zu- oder Umbeseilung,,7.5453360311890005 50.262711353062706,,
AMP-028,29343,33800,33800,,AC,,,,,,,,,1,2021,40,,0,3,,,,,,,,,,Emscherbruch,Korschenbroich,33800,61.54,61.54,6.506614008567626 51.19848427756595,Emscherbruch,Korschenbroich,33800,6.50661400856763,51.198484277566,0,380,,für Dritte,,6.506614008567626 51.19848427756595,,
AMP-032,29344,31096,30979,,AC,,,,,,,,,1,2030,40,,19.4746700610011,3,,,,,,,,EnLAG,14,Niederrhein,Station Niederrhein,31096,73.33,60,6.6807962637334715 51.646328801088394,Utfort,Station Utfort,30979,6.61719941301106,51.4758372802868,19.47467006,380,,Errichtung einer Lei- tung: Ersatzneubau,,6.617199413011056 51.47583728028681,,
AMP-P21,29345,,33333,,AC,,,,,,,,,1,2027,40,,455.056555384354,,,,,,,,,BBPIG,6,Regelzonengrenze TTG/AMP,,,,66.67,,Merzen,Beuren,33333,8.86152579758899,47.8064353547178,455.0565554,380,,Errichtung einer Leitung: Neubau in neuer Trasse,,8.861525797588994 47.80643535471784,,
AMP-P41,29346,31621,33956,,AC,,,,,,,,,1,2024,40,,192.301618085176,,,,,,,,,BBPIG,15,Metternich,Umspannwerk Mitterteich,31621,48.48,75,12.230090323513434 49.938100002220494,Niederstedem,Station Niederstedem,33956,6.47506298271469,49.9226087849345,192.3016181,380,,Errichtung einer Lei- tung: Ersatzneubau,,6.475062982714686 49.92260878493446,,
AMP-P47,29347,30972,33804,,AC,,,,,,,,,1,2025,40,,22.0613988834601,,,,,,,,,BBPIG,19,Urberach ,Umspannwerk Urberach,30972,55.17,57.14,8.772275034667414 49.974574340406285,"Pfungstadt
",Umspannanlage Pfungstadt,33804,8.58859643159892,49.8156337215881,22.06139888,380,,"Errichtung einer Leitung: Neubau in neuer Trasse; Errichtung einer
Leitung: Ersatzneu- bau; Änderung oder Erweiterung einer Leitung: Zu- oder Umbeseilung",teiweise neubau,8.588596431598917 49.815633721588135,,
AMP-P47,29348,33804,34195,,AC,,,,,,,,,1,2025,40,,49.0643931609452,,,,,,,,,BBPIG,19,"Pfungstadt
",Umspannanlage Pfungstadt,33804,57.14,57.14,8.588596431598917 49.815633721588135,Weinheim,Umspannwerk Weinheim,34195,8.62696325212251,49.5436055820419,49.06439316,380,,"Errichtung einer Leitung: Neubau in neuer Trasse; Errichtung einer
Leitung: Ersatzneu- bau; Änderung oder Erweiterung einer Leitung: Zu- oder Umbeseilung",,8.626963252122508 49.543605582041856,,
AMP-P47a,29349,32082,31003,,AC,,,,,,,,,1,2024,40,,5.00089187232422,,,,,,,,,BBPIG,76,Punkt Kriftel,Umspannwerk Kriftel,32082,62.5,64.71,8.471763441204741 50.097320201311256,Punkt Marxheim,Umspannwerk Marxheim,31003,8.43517066491049,50.0590207030322,5.000891872,380,,Errichtung einer Leitung: Ersatzneu- bau, Änderung oder Erweiterung einer Leitung: Zu- oder Umbeseilung,,8.435170664910492 50.05902070303217,
AMP-P47a,29350,34644,32902,,AC,,,,,,,,,1,2024,40,,480.175288235145,,,,,,,,,BBPIG,76,Punkt Hattersheim,Umspannwerk Hattersheim,34644,70,51.43,8.503833804793517 50.07400843258671, Farbwerke Höchst-Süd,Friedrichstadt,32902,9.10902141384337,54.3733685038646,480.1752882,380,,Leitungsneubau in bestehender 110kV-Trasse,,9.109021413843367 54.37336850386463,,
AMP-P52,29351,32925,31240,,AC,,,,,,,,,1,2024,40,,233.404683486951,,,,,,,,,BBPIG,24,Rommelsbach,Gummersbach,32925,72.73,66.67,7.556399353441878 51.01968501469646,Herbertingen,Umspannwerk Herbertingen,31240,9.42534407680648,48.0644397250324,233.4046835,380,,Errichtung einer Lei- tung: Ersatzneubau,,9.425344076806475 48.06443972503238,,
AMP-P52,29352,32174,35180,,AC,,,,,,,,,1,2024,40,,207.357324708679,,,,,,,,,BBPIG,25,Wullenstetten,110kV-Umspannwerk Achstetten,32174,39.02,91.67,9.877215004189015 48.26992468035188,Niederwangen,Niederlangen,35180,7.19456490471431,52.8698410647537,207.3573247,380,,Änderung oder Erweiterung einer Leitung: Zu- oder Umbeseilung,Spannungsumstellung mit Stromkreisauflage,7.194564904714311 52.86984106475365,,
AMP-P154,29353,30906,30906,,AC,,,,,,,,,1,2023,40,,0,3,,,,,,,,,,Siegburg,Station Siegburg,30906,66.67,66.67,7.1924101684630415 50.798900164895514,Siegburg,Station Siegburg,30906,7.19241016846304,50.7989001648955,0,380,,Errichtung einer Leitung: Neubau in neuer Trasse,,7.1924101684630415 50.798900164895514,,
AMP-P310,29354,33900,32960,,AC,,,,,,,,,1,2025,40,,229.193637698436,,,,,,,,,,,Bürstadt,Station Bürstadt,33900,66.67,33.33,8.419373160819056 49.63371907511068,Kühmoos,Lastverteilung/Schaltanlage Kühmoos,32960,7.9580759143156,47.5954779452788,229.1936377,380,,Errichtung einer Leitung: Ersatzneu- bau, Änderung oder Erweiterung einer Leitung: Zu- oder Umbeseilung,HTLS Umbeseilung, Spannungsumstellung ,7.958075914315599 47.59547794527875
AMP-P310,29355,33976,32960,,AC,,,,,,,,,1,2025,40,,229.193637698436,3,,,,,,,,,,Draxlanden,Karlsruhe-Daxlanden,33976,62.07,33.33,8.313340225406092 49.0090434723512,Kühmoos,Lastverteilung/Schaltanlage Kühmoos,32960,7.9580759143156,47.5954779452788,229.1936377,380,,Errichtung einer Leitung: Ersatzneu- bau, Änderung oder Erweiterung einer Leitung: Zu- oder Umbeseilung,Zubeseilung,7.958075914315599 47.59547794527875,
AMP-P460,29356,31205,31205,,AC,,,,,,,,,1,2024,40,,0,,,,,,,,,,,Büscherhof ,Station Büscherhof,31205,68.97,68.97,6.926758989258765 51.49920569585058,Büscherhof ,Station Büscherhof,31205,6.92675898925877,51.4992056958506,0,380,,"Änderung oder Erweiterung einer Leitung: Zu- oder
Umbeseilung",Spannungsumstellung, beantragung der kapazitätseröhung auf 400MVA,6.926758989258765 51.49920569585058,
TTG-006,29357,31062,31544,,AC,,,,,,,,,1,2024,40,,158.052852965916,6,,,,,,,,EnLAG,6,Wahle,Wahle 380 kV,31062,58.82,100,10.365338662586142 52.28466156477866,Mecklar,Mecklar,31544,9.74602653032652,50.9174270688464,158.052853,380,,Errichtung einer Leitung: Neubau in neuer Trasse,Stromtragfähigkeit 4000A,9.746026530326525 50.9174270688464,,
TTG-007,29358,35432,33964,,AC,,,,,,,,,1,2024,40,,326.868835012864,6,,,,,,,,EnLAG,5,Dörpen / West,Umspannwerk Freising/West,35432,42.11,40,11.727421481025022 48.40777764876781,Niederrhein (Punkt Meppen),Umspannwerk Niederhausen,33964,7.79232558177691,49.8105162294106,326.868835,380,2366.6MVA,Errichtung einer Leitung: Neubau in neuer Trasse,Stromtragfähigkeit 3600A,7.79232558177691 49.81051622941055,,
TTG-009,29359,31114,31825,,AC,,,,,,,,,1,2023,40,,48.2828714856075,6,,,,,,,,EnLAG,2,Ganderkesee,Ganderkesee,31114,100,57.14,8.563991876746766 53.03191782682749,St. Hülfe,Station Sankt Hülfe,31825,8.40350236040683,52.6090760112451,48.28287149,380,2629.6MVA,Errichtung einer Leitung: Neubau in neuer Trasse,Stromtragfähigkeit 3300A,8.403502360406835 52.60907601124505,,
TTG-P21,29360,31026,32653,,AC,,,,,,,,,1,2026,40,,40.9524696397504,6,,,,,,,,,,Conneforde,Conneforde,31026,100,70.59,8.052813201940419 53.33191378148668,Garrel/ Ost,Garrel,32653,8.02725840803316,52.9642517322177,40.95246964,380,2629.6MVA,Errichtung einer Lei- tung: Ersatzneubau,Stromtragfähigkeit 4000A,8.027258408033157 52.96425173221768,,
TTG-P21,29361,32653,32297,,AC,,,,,,,,,1,2026,40,,164.226216236413,6,,,,,,,,,,Garrel/ Ost,Garrel,32653,70.59,63.64,8.027258408033157 52.96425173221768,Cappeln/West,Peine/West,32297,10.2152107161523,52.3261931452375,164.2262162,380,2629.6MVA,Errichtung einer Lei- tung: Ersatzneubau,Stromtragfähigkeit 4000A,10.215210716152301 52.326193145237504,,
TTG-P21,29362,32297,,,AC,,,,,,,,,1,2026,40,,,6,,,,,,,,,,Cappeln/West,Peine/West,32297,63.64,,10.215210716152301 52.326193145237504,Regel- zonengrenze TTG/AMP,,,,,380,,Errichtung einer Leitung: Neubau in neuer Trasse,,,,,
TTG-P24,29363,35218,31117,,AC,,,,,,,,,1,2026,40,,143.636498052449,6,,,,,,,,BBP,7,Stade/West,Umspannwerk Stade-West,35218,56.25,100,9.489805273447082 53.63250357479064,Dollern,Dollern,31117,9.5017900323935,53.5428146800501,143.6364981,380,2629.6MVA,Errichtung einer Lei- tung: Ersatzneubau,Stromtragfähigkeit 4000A,9.501790032393501 53.54281468005007,,
TTG-P24,29364,31117,33494,,AC,,,,,,,,,1,2026,40,,50.6213936906668,6,,,,,,,,BBP,7,Dollern,Dollern,31117,100,100,9.501790032393501 53.54281468005007,Sottrum,Sottrum,33494,9.24951109760078,53.113770117612,50.62139369,380,2629.6MVA,Errichtung einer Lei- tung: Ersatzneubau,Stromtragfähigkeit 4000A,9.249511097600784 53.11377011761198,,
TTG-P24,29365,33494,,,AC,,,,,,,,,1,2026,40,,,6,,,,,,,,BBP,7,Sottrum,Sottrum,33494,100,,9.249511097600784 53.11377011761198,Mehringen (Grafschaft Hoya),,,,,380,2629.6MVA,Errichtung einer Lei- tung: Ersatzneubau,Stromtragfähigkeit 4000A,,,,
TTG-P24,29366,,33550,,AC,,,,,,,,,1,2026,40,,60.4378579660545,6,,,,,,,,BBP,7,Mehringen (Grafschaft Hoya),,,,60,,Landesbergen,Wasserkraftwerk Landesbergen,33550,9.10875052365713,52.57739935542,60.43785797,380,2629.6MVA,Errichtung einer Lei- tung: Ersatzneubau,Stromtragfähigkeit 4000A,9.108750523657129 52.577399355419985,,
TTG-P25,29367,35022,35721,,AC,,,,,,,,,1,2023,40,,38.8308256660229,6,,,,,,,,BBP,8,Heide/West,Umspannwerk Heide-West,35022,56.25,78.26,9.051183241890591 54.16218742500788,Husum/Nord,UW Husum Nord,35721,9.07855723752111,54.5106695274633,38.83082567,380,2629.6MVA,Errichtung einer Leitung: Neubau in neuer Trasse,Stromtragfähigkeit 3600A,9.07855723752111 54.5106695274633,,
TTG-P25,29368,35721,31368,,AC,,,,,,,,,1,2023,40,,74.7365125839155,6,,,,,,,,BBP,8,Husum/Nord,UW Husum Nord,35721,78.26,50,9.07855723752111 54.5106695274633,Klixbüll/Süd,Kiel-Süd,31368,10.1562825085559,54.2755482751116,74.73651258,380,2366.6MVA,Errichtung einer Leitung: Neubau in neuer Trasse,Stromtragfähigkeit 3600A,10.156282508555906 54.27554827511158,,
TTG-P25,29369,31368,32183,,AC,,,,,,,,,1,2023,40,,672.795691144991,6,,,,,,,,BBP,8,Klixbüll/Süd,Kiel-Süd,31368,50,31.11,10.156282508555906 54.27554827511158,Bundesgrenze DK,110kV-Umspannwerk Munderkingen,32183,9.63693893238769,48.2368483283933,672.7956911,380,2366.6MVA,Errichtung einer Leitung: Neubau in neuer Trasse,Stromtragfähigkeit 3600A,9.63693893238769 48.23684832839326,,
TTG-P33,29370,31062,,,AC,,,,,,,,,1,2025,40,,,6,,,,,,,,BBP,10,Wahle,Wahle 380 kV,31062,58.82,,10.365338662586142 52.28466156477866,Landesgrenze NI/ST (Mast 6),,,,,380,2629.6MVA,Änderung oder Erweiterung einer Leitung: Zu- oder Umbeseilung,Zu oder Umbeseilung auf HTL/ 4000A,,,,
TTG-P33,29371,31060,31320,,AC,,,,,,,,,1,2025,40,,44.315178712792,6,,,,,,,,BBP,10,Hattorf ,Umspannwerk Hattorf,31060,51.85,60,10.761248371477675 52.36745365064589,Helmstedt,Umspannwerk Helmstedt,31320,10.9993330708021,52.200142013707,44.31517871,380,2629.6MVA,Änderung oder Erweiterung einer Leitung: Zu- oder Umbeseilung,Zu oder Umbeseilung auf HTL/ 4000A,10.999333070802122 52.20014201370701,,
TTG-P46,29372,31167,31499,,AC,,,,,,,,,1,2025,40,,311.707392002787,6,,,,,,,,BBP,18,Redwitz,Umspannwerk Redwitz,31167,53.85,45.45,11.193698240199689 50.16222420264838, Schwandorf (Ostbayernring),Station Schwadorf,31499,6.91647776025828,50.7995367272654,311.707392,380,2629.6MVA,Errichtung einer Lei- tung: Ersatzneubau,Stromtragfähigkeit 4000A,6.916477760258275 50.79953672726541,,
TTG-P46,29373,33179,31532,,AC,,,,,,,,,1,2025,40,,65.2113875207182,6,,,,,,,,BBP,18,Mechlenreuth,Umspannwerk Mechlenreuth,33179,66.67,62.5,11.81095506273847 50.18363584808292,Etzenricht,Umspannwerk Etzenricht,31532,12.1147699283936,49.6311522258995,65.21138752,380,2629.6MVA,Errichtung einer Lei- tung: Ersatzneubau,Stromtragfähigkeit 4000A,12.114769928393569 49.631152225899484,,
TTG-P46,29374,31532,31499,,AC,,,,,,,,,1,2025,40,,393.028044465834,6,,,,,,,,BBP,18,Etzenricht,Umspannwerk Etzenricht,31532,62.5,45.45,12.114769928393569 49.631152225899484, Schwandorf (Ostbayernring),Station Schwadorf,31499,6.91647776025828,50.7995367272654,393.0280445,380,2629.6MVA,Errichtung einer Lei- tung: Ersatzneubau,Stromtragfähigkeit 4000A,6.916477760258275 50.79953672726541,,
TTG-P48,29375,33438,32884,,AC,,,,,,,,,1,2024,40,,220.139088904779,3,,,,,,,,BBP,20,Grafenrheinfeld,Grafenrheinfeld,33438,100,59.09,10.187883452706167 49.98122647337771,Punkt Rittershausen,Umspannwerk Dotternhausen,32884,8.77868466020928,48.2311976110554,220.1390889,380,,Änderung oder Erweiterung einer Leitung: Zu- oder Umbeseilung,,8.77868466020928 48.231197611055435,,
TTG-P67,29376,33062,31398,,AC,,,,,,,,,1,2026,40,,258.951693350112,6,,,,,,,,BBP,32,Simbach,Umspannwerk Simbach,33062,53.85,34.15,13.002766136405345 48.261999118038034,Matzenhof,Netze BW Umspannwerk Hattenhofen,31398,9.55391779485542,48.6656459821684,258.9516934,380,2629.6MVA,Errichtung einer Lei- tung: Ersatzneubau,Stromtragfähigkeit 4000A,9.553917794855415 48.66564598216842,,
TTG-P67,29377,31398,32183,,AC,,,,,,,,,1,2026,40,,48.075760749394,6,,,,,,,,BBP,32,Matzenhof,Netze BW Umspannwerk Hattenhofen,31398,34.15,31.11,9.553917794855415 48.66564598216842,Bundesgrenze AT,110kV-Umspannwerk Munderkingen,32183,9.63693893238769,48.2368483283933,48.07576075,380,2629.6MVA,Errichtung einer Lei- tung: Ersatzneubau,Stromtragfähihkeit 4000A,9.63693893238769 48.23684832839326,,
TTG-P67,29378,32778,32234,,AC,,,,,,,,,1,2026,40,,467.742538149918,6,,,,,,,,BBP,32,Altheim,Umspannwerk Altheim,32778,53.85,38.1,12.220835400057918 48.58573299883071,Adlkofen,Station Ahlen,32234,7.91736019224477,51.7568161937141,467.7425381,380,2629.6MVA,Errichtung einer Lei- tung: Ersatzneubau,Stromtragfähigkeit 4000A,7.91736019224477 51.756816193714144,,
TTG-P69,29379,31971,31026,,AC,,,,,,,,,1,2022,40,,603.527807430689,6,,,,,,,,BBP,34,Emden / Ost,Emden West,31971,76.19,100,7.17235601978708 53.35169933292827,Conneforde,Conneforde,31026,8.05281320194042,53.3319137814867,603.5278074,380,2366.6MVA,Errichtung einer Lei- tung: Ersatzneubau,Stromtragfähigkeit 3600A,8.052813201940419 53.33191378148668,,
TTG-P72,29380,32075,35318,,AC,,,,,,,,,1,2025,40,,22.5244706160481,6,,,,,,,,BBP,42,Kreis Segeberg,Umspannwerk Bad Segeberg,32075,52.63,38.71,10.299720364233746 53.92763303572055,Lübeck / West,Umspannwerk Lübeck,35318,10.6422460989378,53.9187374255153,22.52447062,380,,Errichtung einer Lei- tung: Ersatzneubau,,10.642246098937843 53.91873742551526,,
TTG-P118,29381,31595,31544,,AC,,,,,,,,,1,2024,40,,224.354102421781,6,,,,,,,,BBP,43,Borken,Station Borken,31595,60,100,6.879875750355082 51.83942507749201,Mecklar,Mecklar,31544,9.74602653032652,50.9174270688464,224.3541024,380,2629.6MVA,Änderung oder Erweiterung einer Leitung: Zu- oder Umbeseilung,HTL-SEILE:Stromtragfähigkeit 4000A,9.746026530326525 50.9174270688464,,
TTG-P151,29382,31595,32165,,AC,,,,,,,,,1,2023,40,,156.491632497326,6,,,,,,,,BBP,45,Borken,Station Borken,31595,60,60,6.879875750355082 51.83942507749201,Twistetal,Umspannwerk Twistetal,32165,8.99279244775296,51.3430094050101,156.4916325,380,2629.6MVA,Änderung oder Erweiterung einer Leitung: Zu- oder Umbeseilung,HTL-SEILE:Stromtragfähigkeit 4000A,8.99279244775296 51.34300940501005,,
TTG-P185,29383,31167,,,AC,,,,,,,,,1,2021,40,,,6,,,,,,,,BBP,46,Redwitz,Umspannwerk Redwitz,31167,53.85,,11.193698240199689 50.16222420264838,Landes- grenze BY / TH (Punkt Tschirn),,,,,380,2366.6MVA,Änderung oder Erweiterung einer Leitung: Zu- oder Umbeseilung,Stromtragfähigkeit 3600A,,,,
TNG-P47,29384,34195,33976,,AC,,,,,,,,,1,2031,40,,63.6808468811193,,,,,,,,,BBP,19,Weinheim,Umspannwerk Weinheim,34195,57.14,64.29,8.626963252122508 49.543605582041856,Daxlanden,Karlsruhe-Daxlanden,33976,8.31334022540609,49.0090434723512,63.68084688,,,Errichtung einer Lei- tung: Ersatzneubau,s. AMP-P47,8.313340225406092 49.0090434723512,,
TNG-P47,29385,34195,34210,,AC,,,,,,,,,1,2031,40,,14.2370958255522,,,,,,,,,BBP,19,Weinheim,Umspannwerk Weinheim,34195,57.14,69.57,8.626963252122508 49.543605582041856,Mannheim (G380),Mannheim,34210,8.50180858139902,49.4449115465056,14.23709583,,,Errichtung einer Lei- tung: Ersatzneubau,,8.501808581399017 49.44491154650559,,
TNG-P47,29386,34210,34024,,AC,,,,,,,,,1,2031,40,,28.9845858691509,,,,,,,,,BBP,19,Mannheim (G380),Mannheim,34210,69.57,62.5,8.501808581399017 49.44491154650559,Altlußheim,Umspannwerk Altlußheim,34024,8.5120992818932,49.2940001925266,28.98458587,,,Errichtung einer Lei- tung: Ersatzneubau,,8.512099281893201 49.29400019252661,,
TNG-P47,29387,34024,33976,,AC,,,,,,,,,1,2031,40,,34.8502034074383,,,,,,,,,BBP,19,Altlußheim,Umspannwerk Altlußheim,34024,62.5,64.29,8.512099281893201 49.29400019252661,Daxlanden,Karlsruhe-Daxlanden,33976,8.31334022540609,49.0090434723512,34.85020341,,,Errichtung einer Lei- tung: Ersatzneubau,,8.313340225406092 49.0090434723512,,
TNG-P48,29388,32884,33749,,AC,,,,,,,,,1,2025,40,,86.3421081721043,3,,,,,,,,BBP,20,Punkt Rittershausen,Umspannwerk Dotternhausen,32884,59.09,62.5,8.77868466020928 48.231197611055435,Kupferzell,Umspannwerk Kupferzell,33749,9.69465105840969,49.23258454717,86.34210817,380,,Änderung oder Erweiterung einer Leitung: Zu- oder Umbeseilung,Zusätzlicher Stromkreis,9.694651058409693 49.23258454716998,,
TNG-P48,29389,33749,32376,,AC,,,,,,,,,1,2025,40,,41.4022529489149,3,,,,,,,,BBP,20,Kupferzell,Umspannwerk Kupferzell,33749,62.5,55,9.694651058409693 49.23258454716998,Großgartach,Süwag-Umspannwerk Großgartach,32376,9.14317724065827,49.1435256298229,41.40225295,380,,Errichtung einer Lei- tung: Ersatzneubau,,9.143177240658266 49.14352562982289,,
TNG-P49,29390,33976,31772,,AC,,,,,,,,,1,2029,40,,114.109020308296,,,,,,,,,BBP,21,Daxlanden,Karlsruhe-Daxlanden,33976,64.29,48.89,8.313340225406092 49.0090434723512,Bühl/ Kuppenheim,220-kV-Umspannwerk Kuppenheim,31772,8.24872907982432,48.8463165594338,114.1090203,380,,Errichtung einer Lei- tung: Ersatzneubau,,8.248729079824315 48.84631655943378,,
TNG-P49,29391,31772,35649,,AC,,,,,,,,,1,2029,40,,63.7763144311697,,,,,,,,,BBP,21,Bühl/ Kuppenheim,220-kV-Umspannwerk Kuppenheim,31772,48.89,29.41,8.248729079824315 48.84631655943378,Weier,Erweiterung Umspannwerk Weier,35649,7.9086662827468,48.501784102652,63.77631443,380,,Errichtung einer Lei- tung: Ersatzneubau,,7.908666282746797 48.501784102651996,,
TNG-P49,29392,35649,34709,,AC,,,,,,,,,1,2029,40,,46.2055924391216,,,,,,,,,BBP,21,Weier,Erweiterung Umspannwerk Weier,35649,29.41,53.66,7.908666282746797 48.501784102651996,Eichstetten,380-kV-Umspannwerk Eichstetten,34709,7.75349551034104,48.0993557334381,46.20559244,380,,Errichtung einer Lei- tung: Ersatzneubau,,7.753495510341039 48.09935573343809,,
TNG-P70,29393,31829,,,AC,,,,,,,,,1,2022,40,,,,,,,,,,,BBP,35,Birkenfeld,220 kV-Umspannwerk Birkenfeld,31829,51.28,,8.641627910762603 48.89007089696151,Mast 115A,,,,,380,,"Errichtung einer Leitung: Neubau in neuer Trasse; Errichtung einer
Leitung: Ersatzneu- bau; Änderung oder Erweiterung einer Leitung: Zu- oder Umbeseilung",bestehende 110kV Leitung, soll auf neuer 380kV-Trasse mitgeführt werden,,,
DC1,29394,31971,31188,,DC,,,,,,,,,1,2027,40,,300.549869551107,,,,,,,,,BBP,1,Emden / Ost,Emden West,31971,76.19,66.67,7.17235601978708 53.35169933292827,Osterath,Station Osterath,31188,6.6258290043517,51.2606112973132,300.5498696,,2GW,Errichtung einer Leitung: Neubau in neuer Trasse,Erdverkabelung,6.625829004351699 51.26061129731316,,
DC2,29395,31188,33994,,DC,,,,,,,,,1,2024,40,,262.036473040053,,,,,,,,,BBP,2,Osterath,Station Osterath,31188,66.67,51.06,6.625829004351699 51.26061129731316,Philippsburg (Ultranet),Umspannwerk Philippsburg,33994,8.46578496756474,49.2215166400484,262.036473,380,2 GW,Errichtung einer Leitung: Ersatzneu- bau, Änderung oder Erweiterung einer Leitung: Zu- oder Umbeseilung,,8.46578496756474 49.22151664004841,
DC3,29396,31658,32376,,DC,,,,,,,,,1,2028,40,,528.746041758583,,,,,,,,,BBP,3,Brunsbüttel,Umspannwerk Kernkraftwerk Brunsbüttel,31658,45.83,43.14,9.201683603864101 53.89581463892435,Großgartach (SuedLink),Süwag-Umspannwerk Großgartach,32376,9.14317724065827,49.1435256298229,528.7460418,380,2 GW,Errichtung einer Leitung: Neubau in neuer Trasse,Erdverkabelung,9.143177240658266 49.14352562982289,,
DC4,29397,32676,31160,,DC,,,,,,,,,1,2028,40,,406.764604816884,,,,,,,,,BBP,4,Wilster / West,Leer/West,32676,60.87,46.43,7.431597196502326 53.22710687912208,Bergrheinfeld / West (SuedLink),Umspannwerk Bergrheinfeld,31160,10.1603033126678,49.9891567494573,406.7646048,380,2 GW,Errichtung einer Leitung: Neubau in neuer Trasse,Erdverkabelung,10.16030331266777 49.98915674945729,,
DC5,29398,31318,32780,,DC,,,,,,,,,1,2027,40,,410.01884755949,,,,,,,,,BBP,5,Wolmirstedt,Umspannwerk Wolmirstedt,31318,64.71,100,11.6401668419024 52.26899390911886,Isar,Isar,32780,12.2968838212756,48.606909945467,410.0188476,380,2 GW,Errichtung einer Leitung: Neubau in neuer Trasse,Erdverkabelung,12.296883821275578 48.60690994546696,,
DC1a,29399,31971,31188,,DC,,,,,,,,,1,2027,40,,363.814270620934,,,,,,,,,BBPIG,1,Emden / Ost,Emden West,31971,76.19,66.67,7.17235601978708 53.35169933292827,Osterath,Station Osterath,31188,6.6258290043517,51.2606112973132,363.8142706,380,"2,4",Optimierung,inhärente Reserven werden genutzt,6.625829004351699 51.26061129731316,,
DC20,29400,32819,33550,,DC,,,,,,,,,1,2032,40,,173.746330275125,,,,,,,,,BBPIG,5a,Klein Rogahn,Elverlingsen,32819,50,27.91,7.706358343076252 51.278581732413315,Landkreis Börde,Wasserkraftwerk Landesbergen,33550,9.10875052365713,52.57739935542,173.7463303,380,2 GW,Errichtung einer Leitung: Neubau einer Trasse,,9.108750523657129 52.577399355419985,,
DC20,29401,33550,32780,,DC,,,,,,,,,1,2032,40,,443.562233675628,,,,,,,,,BBPIG,5a,Landkreis Börde,Wasserkraftwerk Landesbergen,33550,27.91,100,9.108750523657129 52.577399355419985,Isar,Isar,32780,12.2968838212756,48.606909945467,443.5622337,380,2 GW,Errichtung einer Leitung: Paral- lelneubau,,12.296883821275578 48.60690994546696,,
DC21,29402,34123,32932,,DC,,,,,,,,,1,2031,40,,618.266424905092,,,,,,,,,BBPIG,49,Wilhelmshaven 2,Umspannwerk Kraftwerk Wilhelmshaven,34123,52,28.57,8.147837119262812 53.56354694037817,Region Hamm,Umspannwerk Regen,32932,13.1503889220592,48.9734772951103,618.2664249,380,2 GW,Errichtung einer Leitung: Neubau in neuer Trasse,,13.150388922059184 48.97347729511028,,
DC25,29403,35022,30934,,DC,,,,,,,,,1,2031,40,,228.701047979644,,,,,,,,,BBPIG,48,Heide / West,Umspannwerk Heide-West,35022,52.94,60,9.051183241890591 54.16218742500788,Polsum,Station Polsum,30934,7.02330980936424,51.6257037432455,228.701048,380,2 GW,Errichtung einer Leitung: Neubau in neuer Trasse,,7.023309809364244 51.625703743245474,,
DC31,29404,35022,32819,,DC,,,,,,,,,1,2035,40,,333.492050670537,,,,,,,,,,,Heide / West,Umspannwerk Heide-West,35022,52.94,50,9.051183241890591 54.16218742500788,Klein Rogahn,Elverlingsen,32819,7.70635834307625,51.2785817324133,333.4920507,380,2 GW,Errichtung einer Leitung: Neubau in neuer Trasse,,7.706358343076252 51.278581732413315,,
DC34,29405,31472,33900,,DC,,,,,,,,,1,2035,40,,505.728955590383,,,,,,,,,,,Suchraum Rastede,Rastede,31472,60.87,66.67,8.183735321635314 53.259497432762444,Bürstadt,Station Bürstadt,33900,8.41937316081906,49.6337190751107,505.7289556,380,2 GW,Errichtung einer Leitung: Neubau in neuer Trasse,,8.419373160819056 49.63371907511068,,
P20,29406,31971,32848,,AC,,,,,,,,,1,2030,40,,69.7830548000491,6,,,,,,,,BBPIG,37,Emden / Ost,Emden West,31971,76.19,100,7.17235601978708 53.35169933292827,Halbemond,Halbemond,32848,7.26413765604586,53.5615679479322,69.7830548,380,2629.6MVA,Errichtung einer Leitung: Neubau in neuer Trasse,Stromtragfähigkeit 4000A,7.264137656045865 53.561567947932154,,
P22,29407,35202,32326,,AC,,,,,,,,,1,2025,40,,25.3155710576007,6,,,,,,,,BBPIG,55,Elsfleth / West,Schaltanlage Elsfleth/West,35202,63.41,57.78,8.402976949446648 53.237146831320025,Ganderkesee (über Niedervieland),Niedervieland,32326,8.69516079574429,53.092536123575,25.31557106,380,2629.6MVA,Errichtung einer Leitung: Ersatz- neubau,zwei statt einem 380kV stromkreis, Stromtragfähigkeit 4000A,8.695160795744286 53.092536123574995,
P22,29408,31026,31763,,AC,,,,,,,,,1,2025,40,,30.0687538744628,,,,,,,,,BBPIG,54,Conneforde,Conneforde,31026,100,100,8.052813201940419 53.33191378148668,Unterweser,Unterweser,31763,8.47470708395442,53.4286512061934,30.06875387,380,2629.6MVA,Änderung oder Erweiterung einer Leitung: Spannungs- umstellung,bestehender 220kV Stromkreis wird auf 380 kV umgestellt,8.474707083954415 53.42865120619339,,
P23,29409,31117,31750,,AC,,,,,,,,,1,2029,40,,28.8170460422411,6,,,,,,,,BBPIG,38,Dollern,Dollern,31117,100,100,9.501790032393501 53.54281468005007,Alfstedt,Alfstedt,31750,9.06881379841262,53.5666351352922,28.81704604,380,2629.6MVA,Errichtung einer Leitung: Ersatz- neubau,zwei statt einem 380kV stromkreis, Stromtragfähigkeit 4000A,9.068813798412615 53.566635135292216,
P23,29410,31750,31162,,AC,,,,,,,,,1,2029,40,,54.5899391747933,6,,,,,,,,BBPIG,38,Alfstedt,Alfstedt,31750,100,100,9.068813798412615 53.566635135292216,Farge,Farge,31162,8.51888185734732,53.2026352990349,54.58993917,380,2629.6MVA,Errichtung einer Leitung: Ersatz- neubau,zwei statt einem 380kV stromkreis, Stromtragfähigkeit 4000A,8.518881857347315 53.20263529903492,
P23,29411,31162,35202,,AC,,,,,,,,,1,2029,40,,8.64230291370052,6,,,,,,,,BBPIG,38,Farge,Farge,31162,100,63.41,8.518881857347315 53.20263529903492,Elsfleth / West,Schaltanlage Elsfleth/West,35202,8.40297694944665,53.23714683132,8.642302914,380,2629.6MVA,Errichtung einer Leitung: Ersatz- neubau,zwei statt einem 380kV stromkreis, Stromtragfähigkeit 4000A,8.402976949446648 53.237146831320025,
P26,29412,31658,33668,,AC,,,,,,,,,1,2030,40,,3.20237589465979,6,,,,,,,,BBPIG,50,Brunsbüttel,Umspannwerk Kernkraftwerk Brunsbüttel,31658,45.83,41.38,9.201683603864101 53.89581463892435,Büttel,Konverterstation Büttel,33668,9.23493526651975,53.9168453029082,3.202375895,380,2629.6MVA,Errichtung einer Leitung: Ersatz- neubau,zwei statt einem 380kV stromkreis, Stromtragfähigkeit 4000A,9.234935266519749 53.9168453029082,
P26,29413,33668,34996,,AC,,,,,,,,,1,2030,40,,7.28176730537623,6,,,,,,,,BBPIG,50,Büttel,Konverterstation Büttel,33668,41.38,45.16,9.234935266519749 53.9168453029082,Wilster/West,Umspannwerk Wilster,34996,9.34519086124502,53.9235068758657,7.281767305,380,2629.6MVA,Errichtung einer Leitung: Ersatz- neubau,zwei statt einem 380kV stromkreis, Stromtragfähigkeit 4000A,9.345190861245023 53.92350687586574,
P26,29414,34996,35218,,AC,,,,,,,,,1,2030,40,,35.8317279494919,6,,,,,,,,BBPIG,50,Wilster/West,Umspannwerk Wilster,34996,45.16,52.94,9.345190861245023 53.92350687586574,Stade / West,Umspannwerk Stade-West,35218,9.48980527344708,53.6325035747906,35.83172795,380,2629.6MVA,Errichtung einer Leitung: Ersatz- neubau,zwei statt einem 380kV stromkreis, Stromtragfähigkeit 4000A,9.489805273447082 53.63250357479064,
P33,29415,31318,33776,,AC,,,,,,,,,1,2032,40,,378.469227072221,6,,,,,,,,BBPIG,10,Wolmirstedt,Umspannwerk Wolmirstedt,31318,64.71,60,11.6401668419024 52.26899390911886,Helmstadt,Umspannwerk Helmstadt,33776,8.96778660639485,49.317822284063,378.4692271,380,2629.6MVA,Errichtung einer Leitung: Paral- lelneubau,Stromtragfähigkeit 4000A,8.967786606394846 49.31782228406299,,
P33,29416,33776,31606,,AC,,,,,,,,,1,2032,40,,340.479138805175,6,,,,,,,,BBPIG,10,Helmstadt,Umspannwerk Helmstadt,33776,60,60,8.967786606394846 49.31782228406299,Gleidingen / Hallendorf,Gleidingen 220 kV,31606,10.4195406942642,52.2369606940238,340.4791388,380,2629.6MVA,Errichtung einer Leitung: Paral- lelneubau,Stromtragfähigkeit 4000A,10.41954069426422 52.23696069402375,,
P33,29417,31606,,,AC,,,,,,,,,1,2032,40,,,6,,,,,,,,BBPIG,10,Gleidingen / Hallendorf,Gleidingen 220 kV,31606,60,,10.41954069426422 52.23696069402375,Kreuzung M24b/ TTG-006,,,,,380,2629.6MVA,Errichtung einer Leitung: Paral- lelneubau,Stromtragfähigkeit 4000A,,,,
P33,29418,,34776,,AC,,,,,,,,,1,2032,40,,24.2654489515455,6,,,,,,,,BBPIG,10,Kreuzung M24b/ TTG-006,,,,38.71,,Mehrum / Nord,Umspannwerk Mehrum,34776,10.0876497948741,52.3151256656137,24.26544895,380,2629.6MVA,Errichtung einer Leitung: Paral- lelneubau,Stromtragfähigkeit 4000A,10.087649794874086 52.315125665613714,,
P37,29419,33753,35330,,AC,,,,,,,,,1,2026,40,,51.7298616529063,,,,,,,,,BBPIG,12,Vieselbach,Umspannwerk Vieselbach,33753,62.5,100,11.12324628496046 50.99837545149305,Eisenach,Eisenach,35330,10.3863463171952,51.0021454743981,51.72986165,380,2629.6MVA,Errichtung einer Leitung: Ersatz- neubau,HTL Umbeseilung mit teilweise Masttasuchen,  Stromtragfähigkeit 4000A,10.386346317195237 51.00214547439807,
P37,29420,35330,31544,,AC,,,,,,,,,1,2026,40,,45.9642586842947,,,,,,,,,BBPIG,12,Eisenach,Eisenach,35330,100,100,10.386346317195237 51.00214547439807,Mecklar,Mecklar,31544,9.74602653032652,50.9174270688464,45.96425868,380,2629.6MVA,Änderung oder Erweiterung einer Leitung: Zu- oder Umbe- seilung,HTL Umbeseilung, Stromtragfähigkeit 4000A,9.746026530326525 50.9174270688464,
P43,29421,31544,33828,,AC,,,,,,,,,1,2031,40,,43.2832441804601,6,,,,,,,,BBPIG,17,Mecklar,Mecklar,31544,100,100,9.746026530326525 50.9174270688464,Dipperz,Dipperz,33828,9.7741505806389,50.5287493804833,43.28324418,380,2629.6MVA,Errichtung einer Leitung: Paral- lelneubau,Stromtragfähigkeit 4000A,9.774150580638903 50.52874938048326,,
P43,29422,33828,31160,,AC,,,,,,,,,1,2031,40,,66.0360319365674,6,,,,,,,,BBPIG,17,Dipperz,Dipperz,33828,100,57.78,9.774150580638903 50.52874938048326,Bergrheinfeld / West,Umspannwerk Bergrheinfeld,31160,10.1603033126678,49.9891567494573,66.03603194,380,2629.6MVA,Errichtung einer Leitung: Neubau in neuer Trasse,Stromtragfähigkeit 4000A,10.16030331266777 49.98915674945729,,
P51,29423,32376,32418,,AC,,,,,,,,,1,2030,40,,40.6054589398234,,,,,,,,,BBPIG,22,Großgartach,Süwag-Umspannwerk Großgartach,32376,55,62.5,9.143177240658266 49.14352562982289,Endersbach,Umspannwerk Endersbach,32418,9.37758875762079,48.8126049655526,40.60545894,380,,"Errichtung einer Leitung: Ersatzneubau
Errichtung einer Leitung: Paral- lelneubau",,9.377588757620794 48.81260496555262,,
P52,29424,34890,,,AC,,,,,,,,,1,2030,40,,,,,,,,,,,BBPIG,40,Neuravensburg,Umspannwerk Neubrandenburg,34890,56.41,,13.280055549479556 53.57011111061607,Sigmarszell/Bundes- grenze (AT),,,,,380,,Errichtung einer Leitung: Ersatz- neubau,,,,,
P53,29425,31156,35354,,AC,,,,,,,,,1,2029,40,,483.973854315483,6,,,,,,,,BBPIG,41,Raitersaich/West,Umspannwerk Raitersaich,31156,56.41,62.5,10.843117833298242 49.37869267500462,Ludersheim,Umspannwerk Ludersheim,35354,11.3271442341894,49.3940090682617,483.9738543,380,2629.6MVA,Errichtung einer Leitung: Ersatz- neubau,Stromtragfähigkeit 4000A,11.327144234189406 49.394009068261695,,
P53,29426,35354,31176,,AC,,,,,,,,,1,2029,40,,70.5270894364434,6,,,,,,,,BBPIG,41,Ludersheim,Umspannwerk Ludersheim,35354,62.5,57.14,11.327144234189406 49.394009068261695,Sittling,Umspannwerk Sittling,31176,11.792413892027,48.838224050092,70.52708944,380,2629.6MVA,Errichtung einer Leitung: Ersatz- neubau,Stromtragfähigkeit 4000A,11.79241389202698 48.83822405009197,,
P53,29427,31176,,,AC,,,,,,,,,1,2029,40,,,6,,,,,,,,BBPIG,41,Sittling,Umspannwerk Sittling,31176,57.14,,11.79241389202698 48.83822405009197,Suchraum Stadt Rottenburg/Gemeinde Neufahrn,,,,,380,2629.6MVA,Errichtung einer Leitung: Ersatz- neubau,Stromtragfähigkeit 4000A,,,,
P53,29428,,32778,,AC,,,,,,,,,1,2029,40,,42.2188020654785,6,,,,,,,,BBPIG,41,Suchraum Stadt Rottenburg/Gemeinde Neufahrn,,,,53.85,,Altheim,Umspannwerk Altheim,32778,12.2208354000579,48.5857329988307,42.21880207,380,2629.6MVA,Errichtung einer Leitung: Ersatz- neubau,Stromtragfähigkeit 4000A,12.220835400057918 48.58573299883071,,
P72,29429,35318,32760,,AC,,,,,,,,,1,2027,40,,568.770388346325,6,,,,,,,,BBPIG,42,Lübeck / West,Umspannwerk Lübeck,35318,38.71,45.45,10.642246098937843 53.91873742551526,Siems,Umspannwerk Siems,32760,10.7608353272666,53.9097453646486,568.7703883,380,,Errichtung einer Leitung: Ersatz- neubau,,10.760835327266594 53.90974536464864,,
P72,29430,32760,35568,,AC,,,,,,,,,1,2027,40,,43.69319718895,6,,,,,,,,BBPIG,42,Siems,Umspannwerk Siems,32760,45.45,32,10.760835327266594 53.90974536464864,Göhl,Umspannwerk Göhl Wind,35568,10.9328163652751,54.2890557974472,43.69319719,380,,Errichtung einer Leitung: Neubau in neuer Trasse,,10.932816365275096 54.28905579744723,,
P74,29431,31681,32585,,AC,,,,,,,,,1,2030,40,,62.5156403011664,,,,,,,,,TYNDP,47,Vöhringen,Vöhringen LEW,31681,81.82,50,10.083751340058905 48.268867496576966,Leupolz,Umspannanlage Leupolz,32585,10.3624997384745,47.7386599439854,62.5156403,380,,"Errichtung einer Leitung: Ersatzneubau;
Änderung oder Erweiterung einer Leitung:
Zu- oder Umbeseilung",Spannungsumstellung mit Stromkreisauflage/Umbeseilung  ,10.362499738474474 47.73865994398536,,
P74,29432,32585,,,AC,,,,,,,,,1,2030,40,,,,,,,,,,,TYNDP,47,Leupolz,Umspannanlage Leupolz,32585,50,,10.362499738474474 47.73865994398536,Punkt Bundesgrenze (AT),,,,,380,,"Errichtung einer Leitung: Ersatzneubau;
Änderung oder Erweiterung einer Leitung:
Zu- oder Umbeseilung",Spannungsumstellung mit Stromkreisauflage/Umbeseilung  ,,,,
P84,29433,30888,30998,,AC,,,,,,,,,1,2032,40,,647.223602511557,,,,,,,,,BBPIG,51,Hamburg Nord,Hamburg Nord,30888,100,100,9.984058791561045 53.74147911149971,Hamburg/Ost,Hamburg/Ost,30998,10.1582042400578,53.5554103306041,647.2236025,380,,Änderung oder Erweiterung einer Leitung: Zu- oder Umbe- seilung,HTLS Umbeseilung,10.15820424005784 53.555410330604104,,
P84,29434,30998,35280,,AC,,,,,,,,,1,2032,40,,23.5007416592826,12,,,,,,,,BBPIG,51,Hamburg/Ost,Hamburg/Ost,30998,100,53.85,10.15820424005784 53.555410330604104,Krümmel,Umspannwerk Krümmel,35280,10.4182993615457,53.4121654986256,23.50074166,380,,Errichtung einer Leitung: Ersatz- neubau,,10.418299361545674 53.412165498625626,,
P112,29435,31211,33048,,AC,,,,,,,,,1,2030,40,,443.618288787306,6,,,,,,,,BBPIG,32,Pleinting,Umspannwerk Pleinting,31211,60,50,13.103170798561646 48.666822143269734,St.Peter,Setzer Wiese,33048,8.02029039390866,50.9236169292207,443.6182888,380,2629.6MVA,Errichtung einer Leitung: Ersatz- neubau,Stromtragfähigkeit 4000A,8.020290393908658 50.92361692922066,,
P112,29436,33048,33060,,AC,,,,,,,,,1,2030,40,,63.3429657450501,6,,,,,,,,BBPIG,32,St.Peter,Setzer Wiese,33048,50,50,8.020290393908658 50.92361692922066,Pirach,Umspannwerk Pirach,33060,12.7474625322312,48.1487453438436,63.34296575,380,2629.6MVA,Errichtung einer Leitung: Ersatz- neubau,Stromtragfähigkeit 4000A,12.747462532231154 48.1487453438436,,
P113,29437,35280,31456,,AC,,,,,,,,,1,2031,40,,21.6113470731278,6,,,,,,,,BBPIG,58,Krümmel,Umspannwerk Krümmel,35280,53.85,57.14,10.418299361545674 53.412165498625626,Lüneburg,Umspannwerk Lüneburg,31456,10.3788942477535,53.219418968974,21.61134707,380,2629.6MVA,Errichtung einer Leitung: Ersatz- neubau,Stromtragfähigkeit 4000A,10.37889424775347 53.219418968974026,,
P113,29438,31456,31458,,AC,,,,,,,,,1,2031,40,,25.1567685125532,6,,,,,,,,BBPIG,58,Lüneburg,Umspannwerk Lüneburg,31456,57.14,100,10.37889424775347 53.219418968974026,Stadorf,Stadorf,31458,10.3815443700512,52.9933741031192,25.15676851,380,2629.6MVA,Errichtung einer Leitung: Ersatz- neubau,Stromtragfähigkeit 4000A,10.38154437005121 52.993374103119166,,
P113,29439,31458,31062,,AC,,,,,,,,,1,2031,40,,78.8727761636304,6,,,,,,,,BBPIG,58,Stadorf,Stadorf,31458,100,58.82,10.38154437005121 52.993374103119166,Wahle,Wahle 380 kV,31062,10.3653386625861,52.2846615647787,78.87277616,380,2629.6MVA,Errichtung einer Leitung: Ersatz- neubau,Stromtragfähigkeit 4000A,10.365338662586142 52.28466156477866,,
P116,29440,31117,33494,,AC,,,,,,,,,1,2033,40,,50.6213936906668,6,,,,,,,,BBPIG,57,Dollern,Dollern,31117,100,51.85,9.501790032393501 53.54281468005007,Samtgemeinde Sottrum,Sottrum,33494,9.24951109760078,53.113770117612,50.62139369,380,2629.6MVA,Errichtung einer Leitung: Ersatz- neubau,Stromtragfähigkeit 4000A,9.249511097600784 53.11377011761198,,
P116,29441,33494,31503,,AC,,,,,,,,,1,2033,40,,80.4067555867426,6,,,,,,,,BBPIG,57,Samtgemeinde Sottrum,Sottrum,33494,51.85,100,9.249511097600784 53.11377011761198,Wechold,Wechold,31503,9.14508445171835,52.8527975389346,80.40675559,380,2629.6MVA,Errichtung einer Leitung: Ersatz- neubau,Stromtragfähigkeit 4000A,9.145084451718349 52.85279753893464,,
P116,29442,31503,33550,,AC,,,,,,,,,1,2033,40,,30.7447606301588,6,,,,,,,,BBPIG,57,Wechold,Wechold,31503,100,63.83,9.145084451718349 52.85279753893464,Punkt Landesbergen ,Wasserkraftwerk Landesbergen,33550,9.10875052365713,52.57739935542,30.74476063,380,2629.6MVA,Errichtung einer Leitung: Ersatz- neubau,Stromtragfähigkeit 4000A,9.108750523657129 52.577399355419985,,
P116,29443,33550,31136,,AC,,,,,,,,,1,2033,40,,51.9457700426723,6,,,,,,,,BBPIG,57,Landesbergen (Steyerberg),Wasserkraftwerk Landesbergen,33550,45.28,58.06,9.108750523657129 52.577399355419985,Ovenstädt,Schaltanlage Ovenstädt,31136,8.93969256563187,52.4030332870665,51.94577004,380,2629.6MVA,Errichtung einer Leitung: Ersatz- neubau,Stromtragfähigkeit 4000A,8.939692565631868 52.40303328706645,,
P119,29444,31026,31472,,AC,,,,,,,,,1,2031,40,,11.8810144321426,6,,,,,,,,BBPIG,56,Conneforde,Conneforde,31026,100,60.87,8.052813201940419 53.33191378148668,Suchraum Rastede,Rastede,31472,8.18373532163531,53.2594974327624,11.88101443,380,2629.6MVA,Errichtung einer Leitung: Ersatz- neubau,Stromtragfähigkeit 4000A,8.183735321635314 53.259497432762444,,
P119,29445,31472,35202,,AC,,,,,,,,,1,2031,40,,25.6251867071439,6,,,,,,,,BBPIG,56,Suchraum Rastede,Rastede,31472,60.87,65,8.183735321635314 53.259497432762444,Elsfleth /West,Schaltanlage Elsfleth/West,35202,8.40297694944665,53.23714683132,25.62518671,380,2629.6MVA,Errichtung einer Leitung: Ersatz- neubau,Stromtragfähigkeit 4000A,8.402976949446648 53.237146831320025,,
P119,29446,35202,32281,,AC,,,,,,,,,1,2031,40,,16.9023289427223,6,,,,,,,,BBPIG,56,Elsfleth /West,Schaltanlage Elsfleth/West,35202,65,100,8.402976949446648 53.237146831320025,Huntorf,Huntorf,32281,8.40896972319239,53.19024535355,16.90232894,380,2629.6MVA,Errichtung einer Leitung: Ersatz- neubau,Stromtragfähigkeit 4000A,8.408969723192392 53.19024535355,,
P119,29447,35202,34664,,AC,,,,,,,,,1,2031,40,,31.4048505192022,6,,,,,,,,BBPIG,56,Elsfleth / West,Schaltanlage Elsfleth/West,35202,63.41,69.23,8.402976949446648 53.237146831320025,Abzweig Blockland,Blockland,34664,8.82002490800618,53.1073883225196,31.40485052,380,2629.6MVA,Errichtung einer Leitung: Ersatz- neubau,Stromtragfähigkeit 4000A,8.820024908006184 53.10738832251962,,
P119,29448,34664,33494,,AC,,,,,,,,,1,2031,40,,28.7695120524897,6,,,,,,,,BBPIG,56,Abzweig Blockland,Blockland,34664,69.23,51.85,8.820024908006184 53.10738832251962,Samtgemeinde Sottrum,Sottrum,33494,9.24951109760078,53.113770117612,28.76951205,380,2629.6MVA,Errichtung einer Leitung: Ersatz- neubau,Stromtragfähigkeit 4000A,9.249511097600784 53.11377011761198,,
P124,29449,31318,31811,,AC,,,,,,,,,1,2028,40,,76.6927250672183,,,,,,,,,BBPIG,60,Wolmirstedt,Umspannwerk Wolmirstedt,31318,64.71,71.43,11.6401668419024 52.26899390911886,Klostermansfeld,Umspannwerk Klostermansfeld,31811,11.5163247176078,51.5839853610142,76.69272507,380,2629.6MVA,Änderung oder Erweiterung einer Leitung: Zu- oder Umbe- seilung,HTLS Umbeseilung,11.516324717607773 51.583985361014165,,
P124,29450,31811,36087,,AC,,,,,,,,,1,2028,40,,358.58594478771,,,,,,,,,BBPIG,60,Klostermansfeld,Umspannwerk Klostermansfeld,31811,71.43,48.89,11.516324717607773 51.583985361014165, Schraplau / Obhausen,Umspannwerk Scharnhausen,36087,9.24531477562628,48.7090026142008,358.5859448,380,,Änderung oder Erweiterung einer Leitung: Zu- oder Umbe- seilung,HTLS Umbeseilung,9.245314775626282 48.70900261420076,,
P124,29451,36087,31602,,AC,,,,,,,,,1,2028,40,,32.8628817931919,,,,,,,,,BBPIG,60, Schraplau / Obhausen,Umspannwerk Scharnhausen,36087,48.89,62.5,9.245314775626282 48.70900261420076,Lauchstädt,Umspannwerk Lauchstädt,31602,11.8946096453384,51.4065278158257,32.86288179,380,,Änderung oder Erweiterung einer Leitung: Zu- oder Umbe- seilung,HTLS Umbeseilung,11.894609645338448 51.406527815825655,,
P133,29452,31595,33811,,AC,,,,,,,,,1,2031,40,,189.746855109036,,,,,,,,,BBPIG,65,Borken,Station Borken,31595,60,60.87,6.879875750355082 51.83942507749201,Gießen / Nord,Gießen/Ost,33811,8.73384211154237,50.5930139262016,189.7468551,380,2629.6MVA,Änderung oder Erweiterung einer Leitung: Zu- oder Umbe- seilung,HTLS Umbeseilung, Stromtragfähigkeit 4000A,8.733842111542375 50.593013926201564,
P135,29453,31136,31053,,AC,,,,,,,,,1,2031,40,,41.5972579326904,,,,,,,,,BBPIG,57,Ovenstädt,Schaltanlage Ovenstädt,31136,58.06,100,8.939692565631868 52.40303328706645,Eickum,Eickum,31053,8.57144694761231,52.1052436712536,41.59725793,380,2629.6MVA,Änderung oder Erweiterung einer Leitung: Zu- oder Umbe- seilung,HTLS Umbeseilung, Stromtragfähigkeit 4000A,8.571446947612305 52.10524367125356,
P135,29454,31053,35362,,AC,,,,,,,,,1,2031,40,,13.2548276873724,,,,,,,,,BBPIG,57,Eickum,Eickum,31053,100,96.3,8.571446947612305 52.10524367125356, Bechterdissen,Bechterdissen,35362,8.65921462337954,51.9991169566767,13.25482769,380,2629.6MVA,Änderung oder Erweiterung einer Leitung: Zu- oder Umbe- seilung,HTLS Umbeseilung, Stromtragfähigkeit 4000A,8.659214623379542 51.9991169566767,
P150,29455,32754,34108,,AC,,,,,,,,,1,2029,40,,166.637111608853,3,,,,,,,,BBPIG,44,Schraplau / Obhausen,Schalthaus 1,32754,56.25,100,7.324377193244062 51.431977965299204,Wolkramshausen,Wolkramshausen,34108,10.734669450629,51.4401867901572,166.6371116,380,,Errichtung einer Leitung: Ersatz- neubau,,10.734669450629001 51.44018679015725,,
P150,29456,34108,33753,,AC,,,,,,,,,1,2029,40,,56.151514284713,3,,,,,,,,BBPIG,44,Wolkramshausen,Wolkramshausen,34108,100,62.5,10.734669450629001 51.44018679015725,Vieselbach,Umspannwerk Vieselbach,33753,11.1232462849605,50.998375451493,56.15151428,380,,Errichtung einer Leitung: Ersatz- neubau,,11.12324628496046 50.99837545149305,,
P159,29457,33900,32942,,AC,,,,,,,,,1,2029,40,,191.394458501843,3,,,,,,,,BBPIG,67,Bürstadt,Station Bürstadt,33900,66.67,42.86,8.419373160819056 49.63371907511068,Punkt Roxheim,Station Pulheim,32942,6.79056284422009,51.0023883415075,191.3944585,380,,Errichtung einer Leitung: Par- allelneubau,,6.790562844220094 51.00238834150748,,
P159,29458,32942,34001,,AC,,,,,,,,,1,2029,40,,11.7162835624226,3,,,,,,,,BBPIG,67,Punkt Roxheim,Station Pulheim,32942,42.86,100,6.790562844220094 51.00238834150748,BASF,BASF,34001,8.40828877363479,49.5286235220172,11.71628356,380,,Errichtung einer Leitung: Neubau in neuer Trasse,,8.40828877363479 49.528623522017185,,
P159,29459,32942,34001,,AC,,,,,,,,,1,2029,40,,200.434122221047,3,,,,,,,,BBPIG,67,Punkt Roxheim,Station Pulheim,32942,42.86,100,6.790562844220094 51.00238834150748,BASF,BASF,34001,8.40828877363479,49.5286235220172,200.4341222,380,,Änderung oder Erweiterung einer Leitung: Zu- oder Umbe- seilung,,8.40828877363479 49.528623522017185,,
P161,29460,32221,32218,,AC,,,,,,,,,1,2028,40,,3.32106444835561,,,,,,,,,BBPIG,66,Großkrotzenburg,Großkrotzenburg,32221,100,60,8.958708591309906 50.0826077912028,Dettingen,Umspannwerk Dettingen,32218,8.98950736865504,50.0602798063928,3.321064448,380,,Änderung oder Erweiterung einer Leitung: Zu- oder Umbe- seilung,HTLS Umbeseilung,8.98950736865504 50.060279806392764,,
P161,29461,32218,30972,,AC,,,,,,,,,1,2028,40,,18.2557110836558,,,,,,,,,BBPIG,66,Dettingen,Umspannwerk Dettingen,32218,60,57.14,8.98950736865504 50.060279806392764,Urberach,Umspannwerk Urberach,30972,8.77227503466741,49.9745743404063,18.25571108,380,,Änderung oder Erweiterung einer Leitung: Zu- oder Umbe- seilung,HTLS Umbeseilung,8.772275034667414 49.974574340406285,,
P170,29462,32533,32815,,AC,,,,,,,,,1,,40,,18.7422428721138,,,,,,,,,TYNDP,244,Uchtelfangen,Umspannwerk Uchtelfangen,32533,66.67,50,6.996454674906002 49.37541496021159,Ensdorf,Umspannanlage Ensdorf,32815,6.77320787981146,49.2910742139778,18.74224287,380,,"Änderung oder Erweiterung einer Leitung:
Zu- oder Umbeseilung",HTLS Umbeseilung,6.773207879811455 49.2910742139778,,
P170,29463,32815,35860,,AC,,,,,,,,,1,,40,,182.684434080121,,,,,,,,,TYNDP,244,Ensdorf,Umspannanlage Ensdorf,32815,50,35.56,6.773207879811455 49.2910742139778,Bundesgrenze (FR),Umspannwerk Bludenzer Straße,35860,9.16509772552498,48.8144092661814,182.6844341,380,,"Änderung oder Erweiterung einer Leitung:
Zu- oder Umbeseilung",HTLS Umbeseilung,9.165097725524976 48.81440926618144,,
P175,29464,34123,35036,,AC,,,,,,,,,1,2029,40,,482.868810591332,6,,,,,,,,BBPIG,73,Wilhelmshaven 2,Umspannwerk Kraftwerk Wilhelmshaven,34123,52,100,8.147837119262812 53.56354694037817,Fedderwarden,Fedderwarden,35036,8.06367245532827,53.5557809246326,482.8688106,380,2629.6MVA,Errichtung einer Leitung: Neubau in neuer Trasse,Stromtragfähigkeit 4000A,8.063672455328268 53.55578092463257,,
P175,29465,34123,31026,,AC,,,,,,,,,1,2029,40,,26.5413620673699,6,,,,,,,,BBPIG,73,Wilhelmshaven 2,Umspannwerk Kraftwerk Wilhelmshaven,34123,52,100,8.147837119262812 53.56354694037817,Conneforde,Conneforde,31026,8.05281320194042,53.3319137814867,26.54136207,380,2629.6MVA,Errichtung einer Leitung: Ersatz- neubau,Stromtragfähigkeit 4000A,8.052813201940419 53.33191378148668,,
P176,29466,34709,35860,,AC,,,,,,,,,1,2026,40,,131.234073778104,3,,,,,,,,BBPIG,72,Eichstetten,380-kV-Umspannwerk Eichstetten,34709,53.66,35.56,7.753495510341039 48.09935573343809,Bundesgrenze [FR],Umspannwerk Bludenzer Straße,35860,9.16509772552498,48.8144092661814,131.2340738,380,,Errichtung einer Leitung: Ersatz- neubau,,9.165097725524976 48.81440926618144,,
P200,29467,32942,31332,,AC,,,,,,,,,1,2027,40,,322.279659799124,6,,,,,,,,BBPIG,74,Punkt Blatzheim,Station Pulheim,32942,46.67,66.67,6.790562844220094 51.00238834150748,Oberzier,Station Oberzier,31332,6.45770044040546,50.8714902904108,322.2796598,380,,Errichtung einer Leitung: Ersatz- neubau,,6.457700440405455 50.87149029041084,,
P204,29468,31715,35860,,AC,,,,,,,,,1,230,40,,147.49677120931,3,,,,,,,,TYNDP,231,Tiengen,Tiengen,31715,100,35.56,8.258827663264396 47.6342088867097,Bundesgrenze (CH),Umspannwerk Bludenzer Straße,35860,9.16509772552498,48.8144092661814,147.4967712,380,,"Errichtung einer Leitung:
Ersatzneubau",,9.165097725524976 48.81440926618144,,
P206,29469,31240,35432,,AC,,,,,,,,,1,2032,40,,175.210282591112,6,,,,,,,,BBPIG,23,Herbertingen,Umspannwerk Herbertingen,31240,66.67,35,9.425344076806475 48.06443972503238,Kreis Konstanz ,Umspannwerk Freising/West,35432,11.727421481025,48.4077776487678,175.2102826,380,,Errichtung einer Leitung: Ersatz- neubau,,11.727421481025022 48.40777764876781,,
P206,29470,35432,33333,,AC,,,,,,,,,1,2032,40,,50.9673683550032,6,,,,,,,,BBPIG,23,Kreis Konstanz ,Umspannwerk Freising/West,35432,35,100,11.727421481025022 48.40777764876781,Beuren,Beuren,33333,8.86152579758899,47.8064353547178,50.96736836,380,,Errichtung einer Leitung: Ersatz- neubau,,8.861525797588994 47.80643535471784,,
P206,29471,33333,32426,,AC,,,,,,,,,1,2032,40,,590.142694138473,6,,,,,,,,BBPIG,23,Beuren,Beuren,33333,100,55.17,8.861525797588994 47.80643535471784,Gurtweil / Tiengen,Gröpelingen,32426,8.75844278958822,53.111266394992,590.1426941,380,,Errichtung einer Leitung: Ersatz- neubau,,8.758442789588218 53.111266394992,,
P211,29472,33811,31039,,AC,,,,,,,,,1,2031,40,,266.611213337435,,,,,,,,,BBPIG,65,Gießen / Nord,Gießen/Ost,33811,60.87,50,8.733842111542375 50.593013926201564,Karben,Umspannwerk Karben,31039,8.80994891769681,50.2035666647511,266.6112133,380,2629.6MVA,Änderung oder Erweiterung einer Leitung: Zu- oder Umbe- seilung,HTL Umbeseilung,Stromtragfähigkeit 4000A,8.809948917696808 50.203566664751136,
P212,29473,33550,31084,,AC,,,,,,,,,1,2040,40,,64.2159979763591,,,,,,,,,,,Landesbergen,Wasserkraftwerk Landesbergen,33550,60,100,9.108750523657129 52.577399355419985,Grohnde,Grohnde,31084,9.39017530620737,52.026686890097,64.21599798,380,2629.6MVA,Änderung oder Erweiterung einer Leitung: Zu- oder Umbe- seilung,HTL Umbeseilung,Stromtragfähigkeit 4000A,9.390175306207366 52.02668689009703,
P212,29474,31084,32251,,AC,,,,,,,,,1,2040,40,,26.3157430574372,,,,,,,,,,,Grohnde,Grohnde,31084,100,100,9.390175306207366 52.02668689009703,Vörden,Vörden,32251,9.22811132588595,51.8124540027314,26.31574306,380,2629.6MVA,Änderung oder Erweiterung einer Leitung: Zu- oder Umbe- seilung,HTL Umbeseilung,Stromtragfähigkeit 4000A,9.228111325885946 51.81245400273137,
P212,29475,32251,34779,,AC,,,,,,,,,1,2040,40,,22.0575197860434,,,,,,,,,,,Vörden,Vörden,32251,100,100,9.228111325885946 51.81245400273137,Würgassen,Würgassen,34779,9.38764075511986,51.6407349064305,22.05751979,380,2629.6MVA,Änderung oder Erweiterung einer Leitung: Zu- oder Umbe- seilung,HTL Umbeseilung,Stromtragfähigkeit 4000A,9.387640755119856 51.64073490643047,
P212,29476,34779,34965,,AC,,,,,,,,,1,2040,40,,37.055396143507,,,,,,,,,,,Würgassen,Würgassen,34779,100,94.44,9.387640755119856 51.64073490643047,Sandershausen / Ost,Sandershausen/Ost,34965,9.58527841535772,51.331375237924,37.05539614,380,2629.6MVA,Änderung oder Erweiterung einer Leitung: Zu- oder Umbe- seilung,HTL Umbeseilung,Stromtragfähigkeit 4000A,9.585278415357719 51.33137523792403,
P212,29477,34965,34096,,AC,,,,,,,,,1,2040,40,,43.3693595968157,,,,,,,,,,,Sandershausen / Ost,Sandershausen/Ost,34965,94.44,64.71,9.585278415357719 51.33137523792403,Bergshausen,Umspannwerk Bergshausen,34096,9.51383068132117,51.2589793694876,43.3693596,380,2629.6MVA,Änderung oder Erweiterung einer Leitung: Zu- oder Umbe- seilung,HTL Umbeseilung,Stromtragfähigkeit 4000A,9.513830681321172 51.25897936948762,
P212,29478,34096,31595,,AC,,,,,,,,,1,2040,40,,193.770042961893,,,,,,,,,,,Bergshausen,Umspannwerk Bergshausen,34096,64.71,66.67,9.513830681321172 51.25897936948762, Borken,Station Borken,31595,6.87987575035508,51.839425077492,193.770043,380,2629.6MVA,Änderung oder Erweiterung einer Leitung: Zu- oder Umbe- seilung,HTL Umbeseilung,Stromtragfähigkeit 4000A,6.879875750355082 51.83942507749201,
P215,29479,34884,31761,,AC,,,,,,,,,1,2030,40,,34.0873527888697,,,,,,,,,BBPIG,52,Güstrow,Umspannstation Güstrow Umweltpark,34884,35,81.82,12.20669507272273 53.793518103553104,Bentwisch,Bentwisch HGÜ,31761,12.213671694776,54.099744945825,34.08735279,380,,Errichtung einer Leitung: Ersatz- neubau,,12.213671694775991 54.09974494582503,,
P215,29480,31761,,,AC,,,,,,,,,1,2030,40,,,,,,,,,,,BBPIG,52,Bentwisch,Bentwisch HGÜ,31761,81.82,,12.213671694775991 54.09974494582503, Suchraum Gemeinden Sanitz/ Dettmannsdorf,,,,,380,,Errichtung einer Leitung: Ersatz- neubau,,,,,
P216,29481,34884,34895,,AC,,,,,,,,,1,2030,40,,62.9636518610613,,,,,,,,,BBPIG,53,Güstrow,Umspannstation Güstrow Umweltpark,34884,35,100,12.20669507272273 53.793518103553104,Siedenbrünzow,Siedenbrünzow,34895,13.143414685297,53.9087053261355,62.96365186,380,,Errichtung einer Leitung: Ersatz- neubau,,13.143414685297031 53.908705326135546,,
P216,29482,34895,,,AC,,,,,,,,,1,2030,40,,,,,,,,,,,BBPIG,53,Siedenbrünzow,Siedenbrünzow,34895,100,,13.143414685297031 53.908705326135546,Iven/Krusenfelde/Krien/ Spantekow/Wer- der/Bartow,,,,,380,,Errichtung einer Leitung: Ersatz- neubau,,,,,
P216,29483,,35282,,AC,,,,,,,,,1,2030,40,,73.8214791085901,,,,,,,,,BBPIG,53,Iven/Krusenfelde/Krien/ Spantekow/ Werder/Bartow,,,,69.57,,Pasewalk / Nord,Pasewalk,35282,14.0336844930137,53.507523103743,73.82147911,380,,Errichtung einer Leitung: Ersatz- neubau,,14.033684493013668 53.507523103743004,,
P216,29484,35282,35282,,AC,,,,,,,,,1,2030,40,,73.8214791085901,,,,,,,,,BBPIG,53,Pasewalk / Nord,Pasewalk,35282,69.57,100,14.033684493013668 53.507523103743004,Pasewalk,Pasewalk,35282,14.0336844930137,53.507523103743,73.82147911,380,,Errichtung einer Leitung: Ersatz- neubau,,14.033684493013668 53.507523103743004,,
P221,29485,,35096,,DC,,,,,,,,,1,2035,40,,297.05969445004,,,,,,,,,TYNDP,267,50Hz T-Regalzone,,,,63.16,,Südschweden,Solschen,35096,10.1260878187227,52.2658637791716,297.0596945,,700MW,"Errichtung einer Leitung: Neubau in
neuer Trasse",700MW 1. Ausbaustufe,10.126087818722711 52.26586377917155,,
P222,29486,30878,31293,,AC,,,,,,,,,1,2029,40,,38.1458995080861,6,,,,,,,,BBPIG,47,Oberbachern,Umspannwerk Oberbachern,30878,64.71,66.67,11.37040879051204 48.29148987363752, Ottenhofen,Umspannwerk Ottenhofen,31293,11.8681563623092,48.2068029396978,38.14589951,380,2629.6MVA,Errichtung einer Leitung: Ersatz- neubau,Stromtragfähigkeit 4000A,11.868156362309199 48.20680293969778,,
P223,29487,34884,34679,,AC,,,,,,,,,1,2030,40,,41.6937092070735,,,,,,,,,,,Güstrow,Umspannstation Güstrow Umweltpark,34884,35,50,12.20669507272273 53.793518103553104,Wessin,Umspannwerk Wessin,34679,11.6985976507396,53.5713728203769,41.69370921,380,2629.6MVA,Änderung oder Erweiterung einer Leitung: Zu- oder Umbe- seilung,HTL Umbeseilung,Stromtragfähigkeit 4000A,11.698597650739616 53.571372820376936,
P223,29488,34679,31613,,AC,,,,,,,,,1,2030,40,,21.9662117644917,,,,,,,,,,,Wessin,Umspannwerk Wessin,34679,50,53.85,11.698597650739616 53.571372820376936,Görries,Umspannwerk Görries,31613,11.3705910347218,53.6007153877672,21.96621176,380,2629.6MVA,Änderung oder Erweiterung einer Leitung: Zu- oder Umbe- seilung,HTL Umbeseilung,Stromtragfähigkeit 4000A,11.370591034721848 53.60071538776719,
P223,29489,31613,32819,,AC,,,,,,,,,1,2030,40,,358.879363432398,,,,,,,,,,,Görries,Umspannwerk Görries,31613,53.85,50,11.370591034721848 53.60071538776719,Klein Rogahn,Elverlingsen,32819,7.70635834307625,51.2785817324133,358.8793634,380,2629.6MVA,Änderung oder Erweiterung einer Leitung: Zu- oder Umbe- seilung,HTL Umbeseilung,Stromtragfähigkeit 4000A,7.706358343076252 51.278581732413315,
P223,29490,32819,35280,,AC,,,,,,,,,1,2030,40,,66.5766197124423,,,,,,,,,,,Klein Rogahn,Elverlingsen,32819,50,53.85,7.706358343076252 51.278581732413315,Krümmel,Umspannwerk Krümmel,35280,10.4182993615457,53.4121654986256,66.57661971,380,2629.6MVA,Änderung oder Erweiterung einer Leitung: Zu- oder Umbe- seilung,HTL Umbeseilung,Stromtragfähigkeit 4000A,10.418299361545674 53.412165498625626,
P225,29491,32778,32780,,AC,,,,,,,,,1,2030,40,,6.08369414114186,9,,,,,,,,BBPIG,77,Altheim,Umspannwerk Altheim,32778,53.85,100,12.220835400057918 48.58573299883071,Isar,Isar,32780,12.2968838212756,48.606909945467,6.083694141,380,2629.6MVA,Errichtung einer Leitung: Neubau in neuer Trasse,Stromtragfähigkeit 4000A,12.296883821275578 48.60690994546696,,
P227,29492,35318,35280,,AC,,,,,,,,,1,2040,40,,551.591649128409,6,,,,,,,,,,Lübeck / West,Umspannwerk Lübeck,35318,38.71,53.85,10.642246098937843 53.91873742551526,Krümmel,Umspannwerk Krümmel,35280,10.4182993615457,53.4121654986256,551.5916491,380,2629.6MVA,Errichtung einer Leitung: Neubau in neuer Trasse,Stromtragfähigkeit 4000A,10.418299361545674 53.412165498625626,,
P228,29493,33550,31837,,AC,,,,,,,,,1,2032,40,,59.2187111281702,6,,,,,,,,BBPIG,59,Landesbergen,Wasserkraftwerk Landesbergen,33550,60,23.53,9.108750523657129 52.577399355419985,Lehrte / Lahe,Umspannwerk und Betriebszentrum Lehrte,31837,9.91817598794091,52.3800053756689,59.21871113,380,2629.6MVA,Errichtung einer Leitung: Ersatz- neubau,Stromtragfähigkeit 4000A,9.918175987940906 52.38000537566891,,
P228,29494,31837,34776,,AC,,,,,,,,,1,2032,40,,13.6196171538771,6,,,,,,,,BBPIG,59,Lehrte / Lahe,Umspannwerk und Betriebszentrum Lehrte,31837,23.53,38.71,9.918175987940906 52.38000537566891,Mehrum / Nord,Umspannwerk Mehrum,34776,10.0876497948741,52.3151256656137,13.61961715,380,2629.6MVA,Errichtung einer Leitung: Ersatz- neubau,Stromtragfähigkeit 4000A,10.087649794874086 52.315125665613714,,
P252,29495,35675,30930,,AC,,,,,,,,,1,2035,40,,244.260437004196,6,,,,,,,,,,(Marzahn –) Biesdorf / Süd,Umspannwerk Mariendorf,35675,37.5,60,13.367492103154401 52.44528393560786,Wuhlheide,Umspannwerk Wuhlheide,30930,13.5061273352059,52.4738256065608,244.260437,380,,Errichtung einer Leitung: Ersatz- neubau,,13.5061273352059 52.473825606560844,,
P302,29496,33770,33756,,AC,,,,,,,,,1,2030,40,,41.7645404586759,3,,,,,,,,BBPIG,68,Höpfingen,Umspannwerk Höpfingen,33770,60,64.71,9.446918747930244 49.59026295269401,Hüffenhardt,Umspannwerk Hüffenhardt,33756,9.09183533263577,49.2946188314227,41.76454046,380,,Änderung oder Erweiterung einer Leitung: Zu- oder Umbe- seilung,HTL-Stromkreisauflage, zusätzlicher 380 kV Stromkreis,9.091835332635775 49.29461883142266,
P306,29497,32376,32308,,AC,,,,,,,,,1,2035,40,,27.6918407098666,3,,,,,,,,,,Großgartach,Süwag-Umspannwerk Großgartach,32376,55,66.67,9.143177240658266 49.14352562982289,Pulverdingen,Umspannwerk Pulverdingen,32308,9.04543545075604,48.9029609967703,27.69184071,380,,Errichtung einer Leitung: Ersatzneubau, Parallelneubau, Änderung oder Erweiterung einer Leitung: Zu- oder Umbe- seilung,Zusätzlicher Stromkreis,9.04543545075604 48.90296099677025
P313,29498,31807,34178,,DC,,,,,,,,,1,2035,40,,477.835841365915,,,,,,,,,TYNDP,225,Dahlem,Station Dahlem,31807,60,44.44,6.531696645299863 50.39004697200127,Belgien.,Umspannwerk Belgern,34178,13.1127210915915,51.4704225032034,477.8358414,380,mind. 1GW,"Errichtung einer
Leitung: Neubau in
neuer Trasse",DC?,13.112721091591498 51.47042250320338,,
P315,29499,32667,34900,,AC,,,,,,,,,1,2034,40,,174.89818239355,6,,,,,,,,BBPIG,63,Hanekenfähr,Hanekenfähr,32667,100,100,7.308241662698386 52.47679112025016,Gronau,Gronau,34900,9.79233806210163,52.0897767362302,174.8981824,380,,"Errichtung einer Leitung: Ersatzneubau;
Errichtung einer Leitung: Paral- lelneubau",HTLS Umbeseilung, zwei zusätzliche Stromkreise,9.792338062101633 52.0897767362302,
P328,29500,35036,31348,,DC,,,,,,,,,1,2025,40,,374.608017486953,,,,,,,,,BBPIG,70,Fedderwarden,Fedderwarden,35036,100,64,8.063672455328268 53.55578092463257, Großbritannien,Großbeeren,31348,13.2654949304242,52.3446231341186,374.6080175,380,1,4 GW,Errichtung einer Leitung: Neubau in neuer Trasse,DC,13.265494930424234 52.34462313411863,
P330,29501,32884,33770,,AC,,,,,,,,,1,2035,40,,451.478439350129,,,,,,,,,,,Rittershausen,Umspannwerk Dotternhausen,32884,52.63,60,8.77868466020928 48.231197611055435,Höpfingen,Umspannwerk Höpfingen,33770,9.44691874793024,49.590262952694,451.4784394,380,,Änderung oder Erweiterung einer Leitung: Zu- oder Umbe- seilung,HTL-Umbeseilung,9.446918747930244 49.59026295269401,,
P355,29502,33677,32509,,AC,,,,,,,,,1,2035,40,,604.098684841233,6,,,,,,,,,,Netzverstärkung Neuenhagen,Umspannwerk Neuenhagen,33677,58.33,68.97,13.710158941385528 52.53912561098884,Heinersdorf – Eisenhüttenstadt,Umspannwerk Eisenhüttenstadt,32509,14.6039381872451,52.174864548479,604.0986848,380,,Errichtung einer Leitung: Ersatz- neubau,,14.603938187245118 52.174864548479,,
P355,29503,34939,32509,,AC,,,,,,,,,1,2035,40,,43.8468901017469,6,,,,,,,,,,Heinersdorf,Umspannwerk Heinersdorf,34939,64.71,72.73,14.132945161411003 52.44306446003311,Eisenhüttenstadt,Umspannwerk Eisenhüttenstadt,32509,14.6039381872451,52.174864548479,43.8468901,380,,Errichtung einer Leitung: Ersatz- neubau,,14.603938187245118 52.174864548479,,
P355,29504,32509,35257,,AC,,,,,,,,,1,2035,40,,34.007797710999,6,,,,,,,,,,Eisenhüttenstadt,Umspannwerk Eisenhüttenstadt,32509,72.73,57.14,14.603938187245118 52.174864548479,Preilack,Umspannwerk Preilack,35257,14.4277195482784,51.8892044678769,34.00779771,380,,Errichtung einer Leitung: Ersatz- neubau,,14.427719548278391 51.88920446787685,,
P359,29505,33860,31318,,AC,,,,,,,,,1,2030,40,,202.794258721222,,,,,,,,,BBPIG,60,Stendal / West,Suhl/West,33860,60.87,64.71,10.633479541568006 50.60563609595998,Wolmirstedt,Umspannwerk Wolmirstedt,31318,11.6401668419024,52.2689939091189,202.7942587,380,,Änderung oder Erweiterung einer Leitung: Zu- oder Umbe- seilung,HTLS Umbeseilung,11.6401668419024 52.26899390911886,,
P367,29506,31971,34123,,AC,,,,,,,,,1,2035,40,,68.9521220984425,3,,,,,,,,TYNDP ,1047,Emden / Ost,Emden West,31971,76.19,30.77,7.17235601978708 53.35169933292827,Eemshaven (Grenze,Umspannwerk Kraftwerk Wilhelmshaven,34123,8.14783711926281,53.5635469403782,68.9521221,380,,Errichtung einer Leitung: Neubau in neuer Trasse,,8.147837119262812 53.56354694037817,,
P402,29507,33506,32237,,AC,,,,,,,,,1,2033,40,,68.0742529338101,,,,,,,,,,,Westerkappeln,Station Westerkappeln,33506,76.47,75,7.890386064217827 52.277940414268855,Gersteinwerk,Station Gersteinwerk,32237,7.70903873905507,51.6764667183642,68.07425293,380,,Errichtung einer Leitung: Neubau in neuer Trasse,,7.709038739055074 51.676466718364246,,
P403,29508,32681,34287,,AC,,,,,,,,,1,2033,40,,167.262109158278,,,,,,,,,BBPIG,64,Hattingen,Station Hattingen,32681,69.23,80,7.167956726297289 51.38931989073198,Linderhausen,Sandershausen,34287,9.56710207045271,51.325257354198,167.2621092,380,,Errichtung einer Leitung: Ersatz- neubau,,9.56710207045271 51.32525735419795,,
P403,29509,34287,33095,,AC,,,,,,,,,1,2033,40,,18.0287934229478,,,,,,,,,BBPIG,64,Linderhausen,Sandershausen,34287,80,55.56,9.56710207045271 51.32525735419795,Linde,Station Linde,33095,7.23319954328964,51.2325132318293,18.02879342,380,,Errichtung einer Leitung: Ersatz- neubau,,7.233199543289641 51.23251323182934,,
P406,29510,32570,31652,,AC,,,,,,,,,1,2027,40,,594.924930010239,,,,,,,,,BBPIG,71,Aach,Umspannwerk Allach,32570,36.36,62.5,11.46448710678128 48.18378443586024,Bofferdange,Berne,31652,8.49240740222156,53.1887085748248,594.92493,380,,Errichtung einer Leitung: Ersatz- neubau,,8.492407402221557 53.1887085748248,,
P408,29511,33498,33050,,AC,,,,,,,,,1,2035,40,,6.66065777885919,,,,,,,,,,,Eiberg,Station Eiberg,33498,60,60,7.1257288028618015 51.44906598952049,Bochum,Station Bochum,33050,7.2213994,51.452358249179,6.660657779,380,,Errichtung einer Leitung: Ersatz- neubau,,7.221399400000001 51.45235824917898,,
P408,29512,33050,32681,,AC,,,,,,,,,1,2035,40,,7.93775115972949,,,,,,,,,,,Bochum,Station Bochum,33050,60,69.23,7.221399400000001 51.45235824917898,Hattingen,Station Hattingen,32681,7.16795672629729,51.389319890732,7.93775116,380,,Errichtung einer Leitung: Ersatz- neubau,,7.167956726297289 51.38931989073198,,
P408,29513,33800,31646,,AC,,,,,,,,,1,2035,40,,196.879218574888,6,,,,,,,,,,Emscherbruch,Korschenbroich,33800,61.54,60.87,6.506614008567626 51.19848427756595,Bochum / Eiberg,Blomberg,31646,9.09123580623037,51.9312466778581,196.8792186,380,,Änderung oder Erweiterung einer Leitung: Zu- oder Umbe- seilung,220kV Stromkreise werden demontiert,9.09123580623037 51.931246677858105,,
P450,29514,35211,35211,,AC,,,,,,,,,1,2035,40,,445.588976970228,,,,,,,,,BBPIG,60,Putlitz / Süd,Umspannwerk Putlitz Süd,35211,61.11,46.67,12.109095205063745 53.2508228581121,Putlitz,Umspannwerk Putlitz Süd,35211,12.1090952050637,53.2508228581121,445.588977,380,,Änderung oder Erweiterung einer Leitung: Zu- oder Umbe- seilung,HTLS Umbeseilung,12.109095205063745 53.2508228581121,,
P450,29515,35211,32614,,AC,,,,,,,,,1,2035,40,,25.0561348200416,,,,,,,,,BBPIG,60,Putlitz,Umspannwerk Putlitz Süd,35211,46.67,60,12.109095205063745 53.2508228581121,Perleberg,Umspannwerk Perleberg,32614,11.8523405110639,53.0868548485523,25.05613482,380,,Änderung oder Erweiterung einer Leitung: Zu- oder Umbe- seilung,HTLS Umbeseilung,11.852340511063945 53.08685484855226,,
P450,29516,32614,33860,,AC,,,,,,,,,1,2035,40,,288.554938654604,,,,,,,,,BBPIG,60,Perleberg,Umspannwerk Perleberg,32614,60,60.87,11.852340511063945 53.08685484855226,Stendal / West,Suhl/West,33860,10.633479541568,50.60563609596,288.5549387,380,,Änderung oder Erweiterung einer Leitung: Zu- oder Umbe- seilung,HTLS Umbeseilung,10.633479541568006 50.60563609595998,,
P450,29517,34884,34895,,AC,,,,,,,,,1,2035,40,,62.9636518610613,,,,,,,,,BBPIG,60,Güstrow,Umspannstation Güstrow Umweltpark,34884,35,100,12.20669507272273 53.793518103553104,Siedenbrünzow,Siedenbrünzow,34895,13.143414685297,53.9087053261355,62.96365186,380,,Änderung oder Erweiterung einer Leitung: Zu- oder Umbe- seilung,HTLS Umbeseilung,13.143414685297031 53.908705326135546,,
P450,29518,34895,35211,,AC,,,,,,,,,1,2035,40,,100.27014469556,,,,,,,,,BBPIG,60,Siedenbrünzow,Siedenbrünzow,34895,100,61.11,13.143414685297031 53.908705326135546,Putlitz / Süd,Umspannwerk Putlitz Süd,35211,12.1090952050637,53.2508228581121,100.2701447,380,,Änderung oder Erweiterung einer Leitung: Zu- oder Umbe- seilung,HTLS Umbeseilung,12.109095205063745 53.2508228581121,,
P451,29519,31637,34154,,AC,,,,,,,,,1,2030,40,,15.8226214230746,,,,,,,,,BBPIG,62,Graustein,Graustein,31637,100,100,14.471920575633378 51.55412023622933,Bärwalde,Bärwalde,34154,14.5081092265227,51.4137104066404,15.82262142,380,,Änderung oder Erweiterung einer Leitung: Zu- oder Umbe- seilung,HTLS Umbeseilung,14.508109226522716 51.41371040664038,,
P462,29520,34025,31247,,AC,,,,,,,,,1,2028,40,,576.57746176259,,,,,,,,,BBPIG,75,Aachen,Umspannwerk Baienfurt Schachen,34025,27.78,50,9.63154443123602 47.83765025660941,Zukunft,Umspannanlage Zukunft,31247,6.30091669469971,50.8289392328862,576.5774618,380,,Errichtung einer Leitung: Ersatzneubau, Änderung oder Erweiterung einer Leitung: Zu- oder Umbe- seilung,Zusätzlicher Stromkreis,6.300916694699705 50.82893923288616,
P462,29521,31247,31070,,AC,,,,,,,,,1,2028,40,,9.87551089797217,,,,,,,,,BBPIG,75,Zukunft,Umspannanlage Zukunft,31247,50,77.78,6.300916694699705 50.82893923288616,Verlautenheide,Station Verlautenheide,31070,6.16736572378575,50.8020645065807,9.875510898,380,,Errichtung einer Leitung: Ersatzneubau, Änderung oder Erweiterung einer Leitung: Zu- oder Umbe- seilung,Zusätzlicher Stromkreis,6.167365723785745 50.802064506580734,
P464,29522,34163,33004,,AC,,,,,,,,,1,2028,40,,166.734818019053,6,,,,,,,,,,Punkt Fraulautern,Umspannwerk Plauen B,34163,32.43,76.47,12.126863399264902 50.488195618516144,Saarwellingen,Station Saarwellingen,33004,6.76597464448081,49.3600907988374,166.734818,80,,Errichtung einer Leitung: Ersatzneubau,,6.76597464448081 49.360090798837405,,
P464,29523,32811,33004,,AC,,,,,,,,,1,2028,40,,404.781516349162,9,,,,,,,,,,Diefflen,Dieffeln,32811,87.5,76.47,6.755523437374502 49.36486962412682,Saarwellingen,Station Saarwellingen,33004,6.76597464448081,49.3600907988374,404.7815163,380,,Errichtung einer Leitung: Ersatzneubau,,6.76597464448081 49.360090798837405,,
P464,29524,34163,33004,,AC,,,,,,,,,1,2028,40,,0.92672212512631,6,,,,,,,,,,Punkt Fraulautern,Umspannwerk Plauen B,34163,32.43,76.47,12.126863399264902 50.488195618516144,Saarwellingen,Station Saarwellingen,33004,6.76597464448081,49.3600907988374,0.926722125,380,,Änderung oder Erweiterung einer Leitung: Zu- oder Umbe- seilung,Spannungsumstellung,6.76597464448081 49.360090798837405,,
P500,29525,32547,30972,,AC,,,,,,,,,1,2035,40,,246.053674043495,6,,,,,,,,,,Aschaffenburg/neu,Umspannwerk Aschaffenburg,32547,61.9,57.14,9.089693390602573 49.968496880547754,Urberach,Umspannwerk Urberach,30972,8.77227503466741,49.9745743404063,246.053674,380,,Errichtung einer Leitung: Neubau in neuer Trasse,,8.772275034667414 49.974574340406285,,
P501,29526,32237,33571,,AC,,,,,,,,,1,2035,40,,21.4483270760713,12,,,,,,,,,,Gersteinwerk,Station Gersteinwerk,32237,75,55.56,7.709038739055074 51.676466718364246,Lippe,Station Lippe,33571,7.40337698117348,51.6444620353146,21.44832708,380,,Errichtung einer Leitung: Ersatz- neubau,,7.403376981173483 51.644462035314646,,
P501,29527,33571,31794,,AC,,,,,,,,,1,2035,40,,8.39597668311231,12,,,,,,,,,,Lippe,Station Lippe,33571,55.56,63.64,7.403376981173483 51.644462035314646,Mengede,Station Mengede,31794,7.35301967240802,51.5758211415817,8.395976683,380,,Errichtung einer Leitung: Ersatz- neubau,vier stromkreise insgesamt,7.353019672408016 51.57582114158172,,
P502,29528,31103,31947,,AC,,,,,,,,,1,2028,40,,5.25637035480705,,,,,,,,,,,Walsum,Station Walsum,31103,60,55.56,6.715197472199204 51.52680805256347,Beeck,Station Beeck,31947,6.72256984428959,51.4797877095955,5.256370355,380,,Errichtung einer Leitung: Ersatz- neubau,,6.72256984428959 51.47978770959548,,
P503,29529,31096,31103,,AC,,,,,,,,,1,2035,40,,13.5098797906581,,,,,,,,,,,Niederrhein,Station Niederrhein,31096,73.33,60,6.6807962637334715 51.646328801088394,Walsum,Station Walsum,31103,6.7151974721992,51.5268080525635,13.50987979,380,,Änderung oder Erweiterung einer Leitung: Zu- oder Umbe- seilung,Spannungsumstellung,6.715197472199204 51.52680805256347,,
P504,29530,30904,34928,,AC,,,,,,,,,1,2030,40,,55.2532900448132,,,,,,,,,,,Sechtem,Station Sechtem,30904,63.64,64.52,6.972459875900362 50.79563726078529,Weissenthurm,Station Weißenthurm,34928,7.44948914707684,50.4025303257281,55.25329004,380,,Änderung oder Erweiterung einer Leitung: Zu- oder Umbe- seilung,HTL umbeseilung,7.449489147076835 50.402530325728065,,
P505,29531,33956,32989,,AC,,,,,,,,,1,2030,40,,19.3727671395247,,,,,,,,,,,Niederstedem,Station Niederstedem,33956,75,80,6.475062982714686 49.92260878493446,Bauler,SA Bauler,32989,6.21102034998242,49.9586257794902,19.37276714,380,,Änderung oder Erweiterung einer Leitung: Zu- oder Umbe- seilung,HTLS Umbeseilung,6.21102034998242 49.95862577949023,,
P505,29532,32989,31577,,AC,,,,,,,,,1,2030,40,,442.892971546501,,,,,,,,,,,Bauler,SA Bauler,32989,80,40.91,6.21102034998242 49.95862577949023,Bundesgrenze Luxemburg,Umspannwerk Regensburg,31577,12.1504065824282,49.0127513070445,442.8929715,380,,Änderung oder Erweiterung einer Leitung: Zu- oder Umbe- seilung,HTLS Umbeseilung,12.150406582428232 49.01275130704451,,
P509,29533,32476,34419,,AC,,,,,,,,,1,2040,40,,335.430111225006,,,,,,,,,,,Limburg,Station Limburg,32476,63.64,62.5,8.06579435011156 50.40646889728762,Eschborn,Bockhorn,34419,8.03644711009865,53.4210922481802,335.4301112,380,,Errichtung einer Leitung: Neubau in neuer Trasse,,8.036447110098653 53.421092248180244,,
P509,29534,34419,32082,,AC,,,,,,,,,1,2040,40,,44.9537266589835,3,,,,,,,,,,Eschborn,Bockhorn,34419,62.5,53.85,8.036447110098653 53.421092248180244,Kriftel,Umspannwerk Kriftel,32082,8.47176344120474,50.0973202013113,44.95372666,380,,Änderung oder Erweiterung einer Leitung: Zu- oder Umbe- seilung,Zusätzlicher Stromkreis,8.471763441204741 50.097320201311256,,
P528,29535,31602,,,AC,,,,,,,,,1,2040,40,,,,,,,,,,,,,Lauchstädt,Umspannwerk Lauchstädt,31602,62.5,,11.894609645338448 51.406527815825655,Leuna / Merseburg / Weißenfels,,,,,380,,Errichtung einer Leitung: Ersatz- neubau,,,,,
P528,29536,,34958,,AC,,,,,,,,,1,2040,40,,38.6946069677871,,,,,,,,,,,Leuna / Merseburg / Weißenfels,,,,50,,Pulgar,Umspannwerk Pulgar,34958,12.3374229541134,51.1969683633435,38.69460697,380,,Errichtung einer Leitung: Ersatz- neubau,,12.337422954113398 51.19696836334348,,
P531,29537,31549,30882,,AC,,,,,,,,,1,2035,40,,41.9242100587636,6,,,,,,,,,,Thyrow,Umspannwerk Thyrow,31549,50,40,13.306340695859848 52.23082066002767,Mahlow,Umspannwerk Malchow,30882,13.4937948504621,52.58971983082,41.92421006,380,,Errichtung einer Leitung: Neubau in neuer Trasse, Errichtung einer Leitung: Ersatz- neubau,,13.493794850462134 52.58971983082,
P531,29538,30882,31383,,AC,,,,,,,,,1,2035,40,,22.2764984544719,6,,,,,,,,,,Mahlow,Umspannwerk Malchow,30882,40,54.55,13.493794850462134 52.58971983082, Berlin / Südost / Lichterfelde,Umspannwerk Lichterfelde,31383,13.3100566643556,52.4238696966014,22.27649845,380,,Errichtung einer Leitung: Neubau in neuer Trasse, Errichtung einer Leitung: Ersatz- neubau,,13.310056664355569 52.423869696601386,
P531,29539,31383,32172,,AC,,,,,,,,,1,2035,40,,316.820655306623,6,,,,,,,,,, Berlin / Südost / Lichterfelde,Umspannwerk Lichterfelde,31383,54.55,50,13.310056664355569 52.423869696601386,Mitte,Rendsburg Mitte,32172,9.69148367627051,54.3088007555686,316.8206553,380,,Errichtung einer Leitung: Neubau in neuer Trasse, Errichtung einer Leitung: Ersatz- neubau,,9.691483676270511 54.30880075556864,
P531,29540,30882,31041,,AC,,,,,,,,,1,2035,40,,11.3186605427198,,,,,,,,,,,Malchow,Umspannwerk Malchow,30882,53.85,50,13.493794850462134 52.58971983082,Moabit,Umspannwerk Moabit,31041,13.3503074826283,52.5377563544527,11.31866054,380,,Errichtung einer Leitung: Neubau in neuer Trasse,,13.35030748262825 52.53775635445269,,
P531,29541,31041,32291,,AC,,,,,,,,,1,2035,40,,6.90612302110998,,,,,,,,,,,Moabit,Umspannwerk Moabit,31041,50,56,13.35030748262825 52.53775635445269, Reuter,Umspannwerk Reuter,32291,13.2490303428088,52.5316251001052,6.906123021,380,,Errichtung einer Leitung: Neubau in neuer Trasse,,13.249030342808782 52.53162510010523,,
